trial_id,seed,domain_id,domain_name,outcome,time_to_goal,replan_count,min_clearance_achieved,max_lateral_position,mean_latency_ms,p99_latency_ms,mean_jerk,p99_jerk,num_potholes,num_agents,agent_types,steps_taken,error_message
1,1,1,"Unmarked Rural Road",SAFE_STOP,,18,3.719,0.342,29.94,167.09,0.553,0.950,4,1,"tractor",101,""
2,2,1,"Unmarked Rural Road",SAFE_STOP,,40,2.035,1.429,29.86,71.07,0.668,0.950,2,1,"tractor",290,""
3,3,1,"Unmarked Rural Road",SAFE_STOP,,32,0.948,0.211,25.21,60.33,0.523,7.665,4,1,"tractor",108,""
4,4,1,"Unmarked Rural Road",SAFE_STOP,,0,16.531,0.000,47.29,64.17,0.000,0.000,3,1,"tractor",45,""
5,5,1,"Unmarked Rural Road",SAFE_STOP,,38,0.654,0.744,36.48,61.94,0.736,2.489,4,1,"tractor",269,""
6,6,1,"Unmarked Rural Road",SUCCESS,13.10,27,0.918,1.732,6.74,53.68,0.938,0.950,2,1,"tractor",131,""
7,7,1,"Unmarked Rural Road",SAFE_STOP,,0,18.110,0.000,40.23,85.02,0.000,0.000,4,1,"tractor",45,""
8,8,1,"Unmarked Rural Road",SAFE_STOP,,15,2.717,0.753,9.74,30.65,0.589,0.950,4,1,"tractor",99,""
9,9,1,"Unmarked Rural Road",SAFE_STOP,,25,0.599,0.127,9.82,34.35,0.504,8.000,3,1,"tractor",112,""
10,10,1,"Unmarked Rural Road",SUCCESS,30.80,48,0.899,1.340,3.63,24.91,0.779,0.950,2,1,"tractor",308,""
11,11,1,"Unmarked Rural Road",SAFE_STOP,,11,0.626,0.009,34.81,55.08,1.470,8.000,2,1,"tractor",83,""
12,12,1,"Unmarked Rural Road",SAFE_STOP,,31,1.252,0.168,4.54,33.23,0.386,0.950,4,1,"tractor",151,""
13,13,1,"Unmarked Rural Road",SAFE_STOP,,33,1.312,0.884,6.27,71.93,0.519,7.550,2,1,"tractor",115,""
14,14,1,"Unmarked Rural Road",SAFE_STOP,,66,1.914,0.799,25.14,52.20,0.576,0.950,4,1,"tractor",287,""
15,15,1,"Unmarked Rural Road",SAFE_STOP,,34,0.609,0.515,19.97,56.01,0.526,0.950,2,1,"tractor",111,""
16,16,1,"Unmarked Rural Road",SAFE_STOP,,33,3.745,0.472,7.25,46.56,0.640,0.950,3,1,"tractor",113,""
17,17,1,"Unmarked Rural Road",SAFE_STOP,,27,3.949,0.659,3.73,13.47,0.512,0.950,3,1,"tractor",107,""
18,18,1,"Unmarked Rural Road",SAFE_STOP,,15,0.538,0.981,38.42,85.92,1.145,8.000,3,1,"tractor",101,""
19,19,1,"Unmarked Rural Road",SAFE_STOP,,30,1.471,0.510,11.48,27.46,0.602,6.114,4,1,"tractor",119,""
20,20,1,"Unmarked Rural Road",SAFE_STOP,,13,3.204,2.349,30.52,75.72,1.139,8.000,4,1,"tractor",107,""
21,21,1,"Unmarked Rural Road",SAFE_STOP,,31,0.672,0.405,3.89,16.05,0.482,1.580,2,1,"tractor",129,""
22,22,1,"Unmarked Rural Road",SAFE_STOP,,0,16.635,0.000,41.21,70.86,0.000,0.000,3,1,"tractor",45,""
23,23,1,"Unmarked Rural Road",SAFE_STOP,,37,2.252,1.285,9.81,33.49,0.743,8.000,4,1,"tractor",245,""
24,24,1,"Unmarked Rural Road",SAFE_STOP,,44,1.405,0.895,3.70,30.90,0.738,1.574,4,1,"tractor",228,""
25,25,1,"Unmarked Rural Road",SAFE_STOP,,33,2.024,1.195,12.58,30.33,0.559,0.950,3,1,"tractor",118,""
26,26,1,"Unmarked Rural Road",SAFE_STOP,,63,1.168,0.311,6.66,20.01,0.648,1.302,3,1,"tractor",238,""
27,27,1,"Unmarked Rural Road",SUCCESS,10.00,22,1.103,1.526,3.39,20.80,0.866,0.950,4,1,"tractor",100,""
28,28,1,"Unmarked Rural Road",TIMEOUT,,18,0.847,0.104,35.68,55.04,0.109,0.950,3,1,"tractor",500,""
29,29,1,"Unmarked Rural Road",SAFE_STOP,,41,1.378,1.471,1.55,5.01,0.807,0.950,2,1,"tractor",242,""
30,30,1,"Unmarked Rural Road",SAFE_STOP,,36,1.987,1.338,7.01,46.47,0.830,8.000,3,1,"tractor",243,""
31,31,1,"Unmarked Rural Road",SAFE_STOP,,39,0.678,0.461,4.02,18.60,0.504,0.950,4,1,"tractor",112,""
32,32,1,"Unmarked Rural Road",SUCCESS,11.30,24,0.648,1.247,5.93,34.27,0.927,0.950,3,1,"tractor",113,""
33,33,1,"Unmarked Rural Road",COLLISION,,12,0.315,0.000,47.74,87.16,0.473,5.340,3,1,"tractor",90,""
34,34,1,"Unmarked Rural Road",SAFE_STOP,,26,1.664,0.239,14.74,33.00,0.513,8.000,4,1,"tractor",110,""
35,35,1,"Unmarked Rural Road",SAFE_STOP,,35,0.556,0.092,16.40,37.84,0.552,8.000,2,1,"tractor",115,""
36,36,1,"Unmarked Rural Road",COLLISION,,17,0.395,0.001,51.69,95.36,0.571,8.000,3,1,"tractor",78,""
37,37,1,"Unmarked Rural Road",SAFE_STOP,,32,3.092,1.169,6.99,44.99,0.639,0.950,3,1,"tractor",247,""
38,38,1,"Unmarked Rural Road",SUCCESS,23.60,21,0.207,1.062,50.11,75.09,1.100,8.000,4,1,"tractor",236,""
39,39,1,"Unmarked Rural Road",SAFE_STOP,,44,2.355,1.394,28.53,65.13,0.712,0.950,4,1,"tractor",236,""
40,40,1,"Unmarked Rural Road",SAFE_STOP,,20,2.221,0.697,41.61,87.68,0.651,8.000,2,1,"tractor",284,""
41,41,1,"Unmarked Rural Road",SAFE_STOP,,40,1.085,0.625,18.05,67.07,0.811,8.000,2,1,"tractor",342,""
42,42,1,"Unmarked Rural Road",SAFE_STOP,,33,1.169,0.226,4.73,15.73,0.491,1.028,4,1,"tractor",115,""
43,43,1,"Unmarked Rural Road",TIMEOUT,,21,1.192,0.079,10.38,17.57,0.147,2.708,3,1,"tractor",500,""
44,44,1,"Unmarked Rural Road",SUCCESS,15.60,26,0.605,1.443,15.04,73.18,0.875,0.950,2,1,"tractor",156,""
45,45,1,"Unmarked Rural Road",SAFE_STOP,,42,1.829,0.354,9.09,64.25,0.675,0.950,3,1,"tractor",212,""
46,46,1,"Unmarked Rural Road",TIMEOUT,,35,1.367,1.415,6.26,71.31,0.503,0.950,3,1,"tractor",500,""
47,47,1,"Unmarked Rural Road",SAFE_STOP,,32,0.916,0.195,4.07,13.81,0.563,8.000,4,1,"tractor",107,""
48,48,1,"Unmarked Rural Road",SAFE_STOP,,0,13.270,0.000,24.36,32.65,0.000,0.000,4,1,"tractor",45,""
49,49,1,"Unmarked Rural Road",SAFE_STOP,,32,0.790,1.213,3.86,14.12,0.793,0.950,2,1,"tractor",179,""
50,50,1,"Unmarked Rural Road",SAFE_STOP,,30,0.904,0.152,12.28,39.01,0.612,7.390,2,1,"tractor",100,""
51,51,1,"Unmarked Rural Road",SAFE_STOP,,75,1.119,0.946,9.92,42.39,0.796,0.950,2,1,"tractor",340,""
52,52,1,"Unmarked Rural Road",SUCCESS,28.80,51,0.987,1.369,3.91,28.68,0.842,0.950,2,1,"tractor",288,""
53,53,1,"Unmarked Rural Road",TIMEOUT,,8,1.271,0.333,42.72,78.67,0.117,0.950,3,1,"tractor",500,""
54,54,1,"Unmarked Rural Road",SAFE_STOP,,33,2.479,0.861,5.41,28.66,0.600,0.950,3,1,"tractor",254,""
55,55,1,"Unmarked Rural Road",SAFE_STOP,,48,1.443,0.641,19.07,45.47,0.784,8.000,4,1,"tractor",289,""
56,56,1,"Unmarked Rural Road",SUCCESS,18.20,27,0.701,1.615,19.59,44.29,0.930,8.000,3,1,"tractor",182,""
57,57,1,"Unmarked Rural Road",SAFE_STOP,,0,22.474,0.000,44.01,64.25,0.000,0.000,2,1,"tractor",45,""
58,58,1,"Unmarked Rural Road",SAFE_STOP,,72,1.797,0.534,24.47,60.60,0.676,8.000,3,1,"tractor",297,""
59,59,1,"Unmarked Rural Road",SUCCESS,23.20,48,0.681,1.198,8.48,76.59,0.778,0.950,2,1,"tractor",232,""
60,60,1,"Unmarked Rural Road",SAFE_STOP,,38,2.625,0.789,33.03,62.76,0.635,0.950,2,1,"tractor",322,""
61,61,1,"Unmarked Rural Road",SAFE_STOP,,44,1.721,1.761,12.97,52.01,0.662,0.950,2,1,"tractor",271,""
62,62,1,"Unmarked Rural Road",SAFE_STOP,,53,2.276,0.714,9.49,35.12,0.554,0.950,3,1,"tractor",290,""
63,63,1,"Unmarked Rural Road",SAFE_STOP,,8,5.649,0.016,35.63,56.99,1.006,8.000,3,1,"tractor",89,""
64,64,1,"Unmarked Rural Road",COLLISION,,28,0.286,0.060,23.60,47.08,0.871,8.000,3,1,"tractor",91,""
65,65,1,"Unmarked Rural Road",SAFE_STOP,,30,0.801,0.021,14.15,30.41,0.604,8.000,2,1,"tractor",106,""
66,66,1,"Unmarked Rural Road",SAFE_STOP,,48,1.571,0.774,1.52,8.94,0.559,0.950,2,1,"tractor",262,""
67,67,1,"Unmarked Rural Road",SAFE_STOP,,0,22.473,0.000,42.89,90.69,0.000,0.000,4,1,"tractor",45,""
68,68,1,"Unmarked Rural Road",SAFE_STOP,,11,2.624,0.576,42.95,70.99,0.956,8.000,2,1,"tractor",104,""
69,69,1,"Unmarked Rural Road",SAFE_STOP,,10,0.560,0.000,40.06,54.42,0.588,8.000,4,1,"tractor",119,""
70,70,1,"Unmarked Rural Road",SAFE_STOP,,45,1.320,1.398,4.08,27.15,0.741,0.950,4,1,"tractor",236,""
71,71,1,"Unmarked Rural Road",SAFE_STOP,,18,1.630,2.149,2.64,27.62,1.136,8.000,3,1,"tractor",109,""
72,72,1,"Unmarked Rural Road",TIMEOUT,,11,2.418,0.626,17.37,37.76,0.109,0.950,4,1,"tractor",500,""
73,73,1,"Unmarked Rural Road",SAFE_STOP,,51,0.959,0.498,4.93,16.12,0.776,0.996,3,1,"tractor",249,""
74,74,1,"Unmarked Rural Road",TIMEOUT,,32,0.737,0.163,17.32,45.21,0.124,2.408,4,1,"tractor",500,""
75,75,1,"Unmarked Rural Road",SAFE_STOP,,21,0.634,0.995,6.77,18.27,0.747,8.000,2,1,"tractor",118,""
76,76,1,"Unmarked Rural Road",SAFE_STOP,,47,1.789,1.049,3.75,20.21,0.745,8.000,4,1,"tractor",284,""
77,77,1,"Unmarked Rural Road",SAFE_STOP,,75,1.214,2.010,11.91,63.13,0.744,0.950,3,1,"tractor",468,""
78,78,1,"Unmarked Rural Road",SAFE_STOP,,0,9.830,0.000,12.89,23.52,0.000,0.000,4,1,"tractor",45,""
79,79,1,"Unmarked Rural Road",SAFE_STOP,,31,0.995,0.097,25.89,57.57,0.627,8.000,3,1,"tractor",93,""
80,80,1,"Unmarked Rural Road",SAFE_STOP,,0,11.054,0.000,21.35,41.84,0.000,0.000,4,1,"tractor",45,""
81,81,1,"Unmarked Rural Road",SAFE_STOP,,0,10.278,0.000,9.90,16.09,0.000,0.000,3,1,"tractor",45,""
82,82,1,"Unmarked Rural Road",SAFE_STOP,,49,1.762,0.476,4.00,17.34,0.711,0.950,3,1,"tractor",250,""
83,83,1,"Unmarked Rural Road",SAFE_STOP,,24,1.591,0.084,9.44,23.89,0.888,8.000,4,1,"tractor",100,""
84,84,1,"Unmarked Rural Road",SAFE_STOP,,0,13.096,0.000,18.02,27.06,0.000,0.000,3,1,"tractor",45,""
85,85,1,"Unmarked Rural Road",TIMEOUT,,21,1.342,0.212,39.49,72.76,0.121,0.950,3,1,"tractor",500,""
86,86,1,"Unmarked Rural Road",SAFE_STOP,,31,1.476,0.177,1.90,9.50,0.561,8.000,2,1,"tractor",104,""
87,87,1,"Unmarked Rural Road",SAFE_STOP,,33,0.670,0.834,8.79,28.68,0.690,8.000,4,1,"tractor",114,""
88,88,1,"Unmarked Rural Road",SAFE_STOP,,44,2.091,1.164,11.21,78.44,0.647,0.950,3,1,"tractor",313,""
89,89,1,"Unmarked Rural Road",SAFE_STOP,,30,1.677,0.720,5.23,17.13,0.647,0.950,2,1,"tractor",104,""
90,90,1,"Unmarked Rural Road",SAFE_STOP,,52,1.487,0.288,7.55,43.43,0.600,6.252,2,1,"tractor",289,""
91,91,1,"Unmarked Rural Road",SAFE_STOP,,52,1.273,0.815,5.50,33.45,0.772,4.511,2,1,"tractor",279,""
92,92,1,"Unmarked Rural Road",SAFE_STOP,,47,1.804,0.763,2.57,17.22,0.582,0.950,4,1,"tractor",308,""
93,93,1,"Unmarked Rural Road",SUCCESS,9.90,21,1.391,1.260,1.04,2.16,0.915,0.950,3,1,"tractor",99,""
94,94,1,"Unmarked Rural Road",SAFE_STOP,,35,1.460,0.785,1.88,6.01,0.440,1.677,3,1,"tractor",124,""
95,95,1,"Unmarked Rural Road",SUCCESS,9.70,21,1.110,1.359,1.22,2.50,0.864,0.950,2,1,"tractor",97,""
96,96,1,"Unmarked Rural Road",SAFE_STOP,,56,0.550,0.821,6.55,15.50,0.718,0.950,4,1,"tractor",254,""
97,97,1,"Unmarked Rural Road",SAFE_STOP,,0,15.927,0.000,23.32,38.79,0.000,0.000,4,1,"tractor",45,""
98,98,1,"Unmarked Rural Road",SAFE_STOP,,0,12.574,0.000,15.70,27.98,0.000,0.000,3,1,"tractor",45,""
99,99,1,"Unmarked Rural Road",SUCCESS,21.30,37,1.020,1.172,6.12,27.01,1.068,8.000,3,1,"tractor",213,""
100,100,1,"Unmarked Rural Road",SAFE_STOP,,19,1.995,0.858,1.16,5.20,0.483,0.950,2,1,"tractor",121,""
101,101,1,"Unmarked Rural Road",SAFE_STOP,,22,1.927,0.169,1.29,4.53,0.556,0.950,3,1,"tractor",104,""
102,102,1,"Unmarked Rural Road",SAFE_STOP,,25,1.445,0.359,9.32,32.79,0.538,8.000,4,1,"tractor",105,""
103,103,1,"Unmarked Rural Road",SAFE_STOP,,39,1.540,0.976,0.91,3.29,0.742,0.950,2,1,"tractor",305,""
104,104,1,"Unmarked Rural Road",SAFE_STOP,,13,1.684,1.182,19.33,43.41,1.151,8.000,2,1,"tractor",107,""
105,105,1,"Unmarked Rural Road",COLLISION,,27,0.268,0.234,2.67,18.17,0.574,2.062,3,1,"tractor",95,""
106,106,1,"Unmarked Rural Road",COLLISION,,37,0.301,0.457,10.31,24.81,0.525,0.950,4,1,"tractor",104,""
107,107,1,"Unmarked Rural Road",SAFE_STOP,,6,2.240,0.289,6.52,12.68,1.029,8.000,4,1,"tractor",87,""
108,108,1,"Unmarked Rural Road",SAFE_STOP,,13,3.123,2.130,2.57,30.80,0.930,8.000,2,1,"tractor",98,""
109,109,1,"Unmarked Rural Road",SAFE_STOP,,28,0.816,0.571,2.63,9.52,0.521,0.950,3,1,"tractor",123,""
110,110,1,"Unmarked Rural Road",SAFE_STOP,,27,0.670,0.223,15.28,23.33,0.628,2.980,3,1,"tractor",105,""
111,111,1,"Unmarked Rural Road",SUCCESS,23.00,44,1.101,0.973,1.21,5.26,0.917,8.000,2,1,"tractor",230,""
112,112,1,"Unmarked Rural Road",SAFE_STOP,,28,1.429,2.520,3.63,36.74,1.093,8.000,3,1,"tractor",196,""
113,113,1,"Unmarked Rural Road",SUCCESS,9.40,23,0.852,1.802,3.66,19.15,0.839,0.950,2,1,"tractor",94,""
114,114,1,"Unmarked Rural Road",SAFE_STOP,,0,21.151,0.000,29.85,47.47,0.000,0.000,4,1,"tractor",45,""
115,115,1,"Unmarked Rural Road",SAFE_STOP,,0,11.841,0.000,20.45,41.94,0.000,0.000,4,1,"tractor",45,""
116,116,1,"Unmarked Rural Road",SUCCESS,18.00,37,0.874,0.602,1.45,17.43,0.860,8.000,3,1,"tractor",180,""
117,117,1,"Unmarked Rural Road",SUCCESS,22.70,28,0.945,0.756,1.86,21.01,0.769,0.950,2,1,"tractor",227,""
118,118,1,"Unmarked Rural Road",SAFE_STOP,,35,1.845,1.495,7.48,23.02,0.732,8.000,3,1,"tractor",237,""
119,119,1,"Unmarked Rural Road",COLLISION,,24,0.281,0.501,3.41,11.16,0.800,6.073,3,1,"tractor",88,""
120,120,1,"Unmarked Rural Road",SUCCESS,23.00,34,0.418,1.249,10.28,28.42,0.798,8.000,3,1,"tractor",230,""
121,121,1,"Unmarked Rural Road",SAFE_STOP,,4,1.317,0.228,7.13,46.93,0.764,8.000,2,1,"tractor",127,""
122,122,1,"Unmarked Rural Road",SAFE_STOP,,5,12.461,0.010,13.28,27.16,1.134,8.000,4,1,"tractor",79,""
123,123,1,"Unmarked Rural Road",SAFE_STOP,,39,1.925,1.053,1.26,11.59,0.584,0.950,2,1,"tractor",256,""
124,124,1,"Unmarked Rural Road",SAFE_STOP,,0,12.432,0.000,8.78,15.02,0.000,0.000,4,1,"tractor",45,""
125,125,1,"Unmarked Rural Road",COLLISION,,25,-0.195,1.327,12.38,39.16,1.072,8.000,2,1,"tractor",157,""
126,126,1,"Unmarked Rural Road",SAFE_STOP,,24,1.767,0.113,4.37,10.47,0.504,0.950,2,1,"tractor",111,""
127,127,1,"Unmarked Rural Road",TIMEOUT,,14,2.126,0.658,6.00,31.64,0.109,0.950,2,1,"tractor",500,""
128,128,1,"Unmarked Rural Road",SAFE_STOP,,15,0.570,0.440,1.27,4.62,1.220,8.000,2,1,"tractor",103,""
129,129,1,"Unmarked Rural Road",DEADLOCK,,10,1.749,0.927,13.84,34.03,0.973,8.000,2,1,"tractor",115,""
130,130,1,"Unmarked Rural Road",SAFE_STOP,,25,1.489,0.742,3.67,16.28,0.806,8.000,2,1,"tractor",100,""
131,131,1,"Unmarked Rural Road",SAFE_STOP,,0,12.950,0.000,23.06,47.33,0.000,0.000,4,1,"tractor",45,""
132,132,1,"Unmarked Rural Road",SUCCESS,9.40,21,1.370,1.528,1.26,3.91,0.857,0.950,3,1,"tractor",94,""
133,133,1,"Unmarked Rural Road",SAFE_STOP,,31,1.310,0.345,1.32,6.39,0.640,5.003,2,1,"tractor",116,""
134,134,1,"Unmarked Rural Road",SUCCESS,9.10,19,0.533,1.287,1.75,5.74,0.769,0.950,3,1,"tractor",91,""
135,135,1,"Unmarked Rural Road",SAFE_STOP,,42,0.633,0.345,4.34,15.62,0.453,0.950,2,1,"tractor",135,""
136,136,1,"Unmarked Rural Road",SAFE_STOP,,45,0.664,0.230,6.00,25.96,0.754,2.063,2,1,"tractor",238,""
137,137,1,"Unmarked Rural Road",SUCCESS,9.30,13,1.571,1.579,1.64,3.63,0.860,0.950,2,1,"tractor",93,""
138,138,1,"Unmarked Rural Road",SAFE_STOP,,14,2.698,0.108,4.30,9.89,0.500,0.950,4,1,"tractor",109,""
139,139,1,"Unmarked Rural Road",SAFE_STOP,,52,1.175,0.986,2.85,11.95,0.623,0.950,4,1,"tractor",326,""
140,140,1,"Unmarked Rural Road",SUCCESS,23.00,46,0.893,0.950,1.26,6.88,0.719,0.950,2,1,"tractor",230,""
141,141,1,"Unmarked Rural Road",COLLISION,,23,0.238,0.684,2.51,10.53,0.695,2.565,3,1,"tractor",89,""
142,142,1,"Unmarked Rural Road",SUCCESS,22.70,38,1.105,1.059,1.39,5.14,0.673,0.950,3,1,"tractor",227,""
143,143,1,"Unmarked Rural Road",SAFE_STOP,,62,1.238,1.584,6.30,25.15,0.668,0.950,3,1,"tractor",303,""
144,144,1,"Unmarked Rural Road",SAFE_STOP,,7,1.409,0.060,17.80,33.62,1.364,8.000,4,1,"tractor",79,""
145,145,1,"Unmarked Rural Road",SAFE_STOP,,46,1.341,0.642,3.73,20.91,0.777,8.000,2,1,"tractor",324,""
146,146,1,"Unmarked Rural Road",SAFE_STOP,,65,2.027,0.634,3.08,17.61,0.658,0.950,3,1,"tractor",287,""
147,147,1,"Unmarked Rural Road",SAFE_STOP,,27,1.663,0.430,5.40,13.76,0.574,7.878,3,1,"tractor",95,""
148,148,1,"Unmarked Rural Road",SUCCESS,21.60,38,0.686,0.988,6.27,18.97,0.998,8.000,2,1,"tractor",216,""
149,149,1,"Unmarked Rural Road",SAFE_STOP,,11,3.908,1.456,17.39,36.59,1.240,8.000,4,1,"tractor",109,""
150,150,1,"Unmarked Rural Road",SUCCESS,9.30,21,1.397,1.407,0.97,2.36,0.872,0.950,2,1,"tractor",93,""
151,151,1,"Unmarked Rural Road",SUCCESS,21.90,29,1.140,0.930,0.94,2.55,0.832,0.950,2,1,"tractor",219,""
152,152,1,"Unmarked Rural Road",SAFE_STOP,,30,1.515,0.129,3.77,16.88,0.509,0.950,4,1,"tractor",111,""
153,153,1,"Unmarked Rural Road",TIMEOUT,,19,1.282,0.001,21.40,45.09,0.154,4.350,3,1,"tractor",500,""
154,154,1,"Unmarked Rural Road",SUCCESS,9.00,21,0.987,1.330,1.38,4.79,0.714,0.950,3,1,"tractor",90,""
155,155,1,"Unmarked Rural Road",SAFE_STOP,,0,13.497,0.000,13.81,20.77,0.000,0.000,4,1,"tractor",45,""
156,156,1,"Unmarked Rural Road",COLLISION,,29,0.234,0.149,3.91,14.03,0.580,3.117,3,1,"tractor",94,""
157,157,1,"Unmarked Rural Road",SUCCESS,31.00,54,0.567,1.302,5.79,21.55,0.835,0.950,3,1,"tractor",310,""
158,158,1,"Unmarked Rural Road",ERROR,,0,,,,,,,2,1,"tractor",0,"Unrecognized function or variable 'run_widths'."
159,159,1,"Unmarked Rural Road",TIMEOUT,,42,2.577,0.474,11.33,34.40,0.294,0.950,2,1,"tractor",500,""
160,160,1,"Unmarked Rural Road",SAFE_STOP,,0,22.408,0.000,22.13,35.47,0.000,0.000,2,1,"tractor",45,""
161,161,1,"Unmarked Rural Road",SAFE_STOP,,30,1.018,5.430,3.35,17.92,0.870,8.000,3,1,"tractor",243,""
162,162,1,"Unmarked Rural Road",SAFE_STOP,,37,1.302,0.609,1.00,4.76,0.418,1.513,4,1,"tractor",135,""
163,163,1,"Unmarked Rural Road",SAFE_STOP,,24,3.398,0.172,8.86,19.11,0.646,0.950,3,1,"tractor",104,""
164,164,1,"Unmarked Rural Road",SAFE_STOP,,49,1.769,0.829,3.21,20.63,0.855,8.000,2,1,"tractor",301,""
165,165,1,"Unmarked Rural Road",SAFE_STOP,,10,3.731,1.642,15.22,36.54,1.026,8.000,3,1,"tractor",117,""
166,166,1,"Unmarked Rural Road",SAFE_STOP,,62,1.310,1.077,5.81,31.41,0.679,0.950,4,1,"tractor",373,""
167,167,1,"Unmarked Rural Road",SAFE_STOP,,0,21.002,0.000,18.72,25.81,0.000,0.000,2,1,"tractor",45,""
168,168,1,"Unmarked Rural Road",SAFE_STOP,,54,1.389,1.611,5.14,22.47,0.679,8.000,3,1,"tractor",331,""
169,169,1,"Unmarked Rural Road",COLLISION,,37,-0.456,2.925,9.75,24.18,1.163,8.000,4,1,"tractor",167,""
170,170,1,"Unmarked Rural Road",SAFE_STOP,,0,17.438,0.000,15.76,27.10,0.000,0.000,2,1,"tractor",45,""
171,171,1,"Unmarked Rural Road",SAFE_STOP,,0,13.913,0.000,13.56,24.26,0.000,0.000,4,1,"tractor",45,""
172,172,1,"Unmarked Rural Road",SAFE_STOP,,50,2.185,0.881,2.42,14.12,0.528,0.950,2,1,"tractor",290,""
173,173,1,"Unmarked Rural Road",SAFE_STOP,,26,1.011,0.282,4.80,9.98,0.692,8.000,4,1,"tractor",142,""
174,174,1,"Unmarked Rural Road",SAFE_STOP,,31,1.351,0.599,4.29,8.53,0.755,8.000,4,1,"tractor",115,""
175,175,1,"Unmarked Rural Road",SAFE_STOP,,48,1.662,2.740,1.97,13.15,0.937,8.000,2,1,"tractor",277,""
176,176,1,"Unmarked Rural Road",TIMEOUT,,34,2.050,0.908,10.70,31.14,0.377,0.950,2,1,"tractor",500,""
177,177,1,"Unmarked Rural Road",SAFE_STOP,,4,17.751,0.001,19.09,33.95,1.380,8.000,4,1,"tractor",70,""
178,178,1,"Unmarked Rural Road",SAFE_STOP,,45,1.010,1.505,1.61,14.30,0.848,8.000,2,1,"tractor",234,""
179,179,1,"Unmarked Rural Road",SUCCESS,12.40,25,1.361,1.451,0.97,2.24,0.950,0.950,2,1,"tractor",124,""
180,180,1,"Unmarked Rural Road",SAFE_STOP,,48,1.905,0.884,6.04,24.33,0.651,0.950,2,1,"tractor",299,""
181,181,1,"Unmarked Rural Road",SAFE_STOP,,43,1.542,0.880,7.37,20.03,0.741,0.950,2,1,"tractor",254,""
182,182,1,"Unmarked Rural Road",SUCCESS,23.50,37,1.395,1.374,0.84,3.11,0.824,0.950,2,1,"tractor",235,""
183,183,1,"Unmarked Rural Road",SAFE_STOP,,30,1.765,0.235,16.78,28.63,1.202,8.000,4,1,"tractor",165,""
184,184,1,"Unmarked Rural Road",SAFE_STOP,,14,2.423,0.508,4.43,8.33,0.515,0.950,3,1,"tractor",106,""
185,185,1,"Unmarked Rural Road",SAFE_STOP,,29,0.929,0.113,6.49,13.27,0.412,1.559,3,1,"tractor",137,""
186,186,1,"Unmarked Rural Road",SAFE_STOP,,17,1.198,0.503,14.07,30.74,1.018,8.000,4,1,"tractor",95,""
187,187,1,"Unmarked Rural Road",SAFE_STOP,,32,2.201,1.222,1.35,5.48,0.697,0.950,3,1,"tractor",216,""
188,188,1,"Unmarked Rural Road",COLLISION,,14,0.289,0.869,4.57,17.04,1.071,8.000,4,1,"tractor",77,""
189,189,1,"Unmarked Rural Road",SAFE_STOP,,67,0.925,1.575,3.39,22.83,0.801,0.950,3,1,"tractor",359,""
190,190,1,"Unmarked Rural Road",SUCCESS,15.40,27,0.673,1.695,2.75,11.29,0.886,0.950,3,1,"tractor",154,""
191,191,1,"Unmarked Rural Road",SAFE_STOP,,46,1.125,0.607,3.14,14.35,0.764,6.769,2,1,"tractor",226,""
192,192,1,"Unmarked Rural Road",TIMEOUT,,26,2.126,0.919,13.28,32.99,0.448,3.679,3,1,"tractor",500,""
193,193,1,"Unmarked Rural Road",SAFE_STOP,,0,18.089,0.000,17.14,21.27,0.000,0.000,3,1,"tractor",45,""
194,194,1,"Unmarked Rural Road",SAFE_STOP,,15,2.729,0.982,1.56,5.27,0.466,0.950,4,1,"tractor",117,""
195,195,1,"Unmarked Rural Road",SAFE_STOP,,0,16.793,0.000,18.80,31.61,0.000,0.000,2,1,"tractor",45,""
196,196,1,"Unmarked Rural Road",SAFE_STOP,,28,0.992,0.691,1.47,7.03,0.786,0.950,3,1,"tractor",208,""
197,197,1,"Unmarked Rural Road",SUCCESS,27.30,35,0.102,1.490,4.51,31.20,0.785,0.950,4,1,"tractor",273,""
198,198,1,"Unmarked Rural Road",SAFE_STOP,,0,17.160,0.000,24.30,35.62,0.000,0.000,4,1,"tractor",45,""
199,199,1,"Unmarked Rural Road",SAFE_STOP,,28,0.757,0.249,3.39,7.11,0.570,7.593,4,1,"tractor",99,""
200,200,1,"Unmarked Rural Road",SAFE_STOP,,26,3.513,0.402,2.68,6.90,0.609,0.950,2,1,"tractor",99,""
201,201,2,"Signal-less Urban Intersection",COLLISION,,26,0.279,0.729,2.84,17.46,1.000,8.000,0,3,"auto_rickshaw;auto_rickshaw;pedestrian",73,""
202,202,2,"Signal-less Urban Intersection",SAFE_STOP,,48,2.382,5.958,1.90,15.51,0.582,8.000,0,3,"auto_rickshaw;auto_rickshaw;pedestrian",500,""
203,203,2,"Signal-less Urban Intersection",COLLISION,,27,0.350,1.228,1.87,3.62,1.869,8.000,0,3,"auto_rickshaw;auto_rickshaw;pedestrian",74,""
204,204,2,"Signal-less Urban Intersection",SUCCESS,17.70,42,0.927,1.542,1.09,2.55,0.974,8.000,0,3,"auto_rickshaw;auto_rickshaw;pedestrian",177,""
205,205,2,"Signal-less Urban Intersection",SUCCESS,18.60,44,1.228,1.871,1.19,7.67,1.100,8.000,0,3,"auto_rickshaw;auto_rickshaw;pedestrian",186,""
206,206,2,"Signal-less Urban Intersection",DEADLOCK,,27,2.023,2.268,1.07,2.78,1.334,8.000,0,3,"auto_rickshaw;auto_rickshaw;pedestrian",101,""
207,207,2,"Signal-less Urban Intersection",SAFE_STOP,,18,5.498,5.759,1.21,3.71,0.213,8.000,0,3,"auto_rickshaw;auto_rickshaw;pedestrian",500,""
208,208,2,"Signal-less Urban Intersection",SUCCESS,19.90,46,0.490,1.056,1.46,4.42,0.755,3.602,0,3,"auto_rickshaw;auto_rickshaw;pedestrian",199,""
209,209,2,"Signal-less Urban Intersection",SUCCESS,18.90,45,0.777,1.286,1.27,3.31,0.925,8.000,0,3,"auto_rickshaw;auto_rickshaw;pedestrian",189,""
210,210,2,"Signal-less Urban Intersection",SUCCESS,20.00,47,0.484,1.230,1.28,3.83,0.722,1.682,0,3,"auto_rickshaw;auto_rickshaw;pedestrian",200,""
211,211,2,"Signal-less Urban Intersection",COLLISION,,42,0.400,1.184,1.29,4.28,1.391,8.000,0,3,"auto_rickshaw;auto_rickshaw;pedestrian",113,""
212,212,2,"Signal-less Urban Intersection",SUCCESS,21.80,56,0.782,1.244,1.20,4.54,0.712,8.000,0,3,"auto_rickshaw;auto_rickshaw;pedestrian",218,""
213,213,2,"Signal-less Urban Intersection",SUCCESS,19.70,43,1.251,1.165,0.93,3.88,0.916,8.000,0,3,"auto_rickshaw;auto_rickshaw;pedestrian",197,""
214,214,2,"Signal-less Urban Intersection",SUCCESS,21.60,51,1.343,1.187,1.27,3.15,0.651,0.950,0,3,"auto_rickshaw;auto_rickshaw;pedestrian",216,""
215,215,2,"Signal-less Urban Intersection",SUCCESS,21.10,54,0.711,1.136,1.34,3.53,0.722,0.950,0,3,"auto_rickshaw;auto_rickshaw;pedestrian",211,""
216,216,2,"Signal-less Urban Intersection",SAFE_STOP,,15,5.869,6.487,1.42,3.06,0.231,8.000,0,3,"auto_rickshaw;auto_rickshaw;pedestrian",500,""
217,217,2,"Signal-less Urban Intersection",SUCCESS,18.70,43,0.509,1.179,1.19,2.65,1.039,8.000,0,3,"auto_rickshaw;auto_rickshaw;pedestrian",187,""
218,218,2,"Signal-less Urban Intersection",DEADLOCK,,33,2.309,2.516,2.48,28.87,1.264,8.000,0,3,"auto_rickshaw;auto_rickshaw;pedestrian",104,""
219,219,2,"Signal-less Urban Intersection",SUCCESS,20.80,51,0.586,1.728,1.39,3.23,1.042,8.000,0,3,"auto_rickshaw;auto_rickshaw;pedestrian",208,""
220,220,2,"Signal-less Urban Intersection",SAFE_STOP,,12,5.561,7.487,1.40,2.29,0.221,8.000,0,3,"auto_rickshaw;auto_rickshaw;pedestrian",500,""
221,221,2,"Signal-less Urban Intersection",SUCCESS,20.50,49,1.068,1.582,1.58,4.77,1.057,8.000,0,3,"auto_rickshaw;auto_rickshaw;pedestrian",205,""
222,222,2,"Signal-less Urban Intersection",SAFE_STOP,,40,0.954,6.113,2.78,19.49,0.424,8.000,0,3,"auto_rickshaw;auto_rickshaw;pedestrian",500,""
223,223,2,"Signal-less Urban Intersection",SAFE_STOP,,14,5.698,6.376,1.95,3.54,0.182,8.000,0,3,"auto_rickshaw;auto_rickshaw;pedestrian",500,""
224,224,2,"Signal-less Urban Intersection",COLLISION,,35,0.389,1.130,2.80,16.47,1.226,8.000,0,3,"auto_rickshaw;auto_rickshaw;pedestrian",89,""
225,225,2,"Signal-less Urban Intersection",SAFE_STOP,,65,1.254,7.566,3.06,24.98,1.101,8.000,0,3,"auto_rickshaw;auto_rickshaw;pedestrian",424,""
226,226,2,"Signal-less Urban Intersection",SAFE_STOP,,16,5.393,5.495,1.64,4.96,0.191,7.627,0,3,"auto_rickshaw;auto_rickshaw;pedestrian",500,""
227,227,2,"Signal-less Urban Intersection",SAFE_STOP,,20,3.560,4.142,1.55,3.28,0.204,8.000,0,3,"auto_rickshaw;auto_rickshaw;pedestrian",500,""
228,228,2,"Signal-less Urban Intersection",SAFE_STOP,,47,1.184,4.988,1.61,4.75,0.537,8.000,0,3,"auto_rickshaw;auto_rickshaw;pedestrian",500,""
229,229,2,"Signal-less Urban Intersection",COLLISION,,29,0.343,1.572,1.35,3.95,1.350,8.000,0,3,"auto_rickshaw;auto_rickshaw;pedestrian",92,""
230,230,2,"Signal-less Urban Intersection",COLLISION,,29,0.087,1.337,1.63,4.93,0.945,8.000,0,3,"auto_rickshaw;auto_rickshaw;pedestrian",100,""
231,231,2,"Signal-less Urban Intersection",DEADLOCK,,26,2.420,2.278,1.02,2.43,1.649,8.000,0,3,"auto_rickshaw;auto_rickshaw;pedestrian",100,""
232,232,2,"Signal-less Urban Intersection",SAFE_STOP,,30,3.227,4.395,1.32,3.61,0.308,8.000,0,3,"auto_rickshaw;auto_rickshaw;pedestrian",500,""
233,233,2,"Signal-less Urban Intersection",SAFE_STOP,,38,0.811,5.172,1.34,4.81,0.444,8.000,0,3,"auto_rickshaw;auto_rickshaw;pedestrian",500,""
234,234,2,"Signal-less Urban Intersection",SUCCESS,18.40,42,0.506,1.219,1.41,3.08,0.795,8.000,0,3,"auto_rickshaw;auto_rickshaw;pedestrian",184,""
235,235,2,"Signal-less Urban Intersection",SAFE_STOP,,58,1.770,6.357,1.18,3.59,1.112,8.000,0,3,"auto_rickshaw;auto_rickshaw;pedestrian",389,""
236,236,2,"Signal-less Urban Intersection",COLLISION,,19,0.310,0.826,2.22,19.12,1.248,8.000,0,3,"auto_rickshaw;auto_rickshaw;pedestrian",60,""
237,237,2,"Signal-less Urban Intersection",SAFE_STOP,,27,3.379,4.288,1.41,2.65,0.369,8.000,0,3,"auto_rickshaw;auto_rickshaw;pedestrian",500,""
238,238,2,"Signal-less Urban Intersection",SUCCESS,20.60,45,0.702,1.205,1.93,6.89,0.674,0.950,0,3,"auto_rickshaw;auto_rickshaw;pedestrian",206,""
239,239,2,"Signal-less Urban Intersection",SUCCESS,18.20,41,1.821,3.650,1.52,4.11,0.905,8.000,0,3,"auto_rickshaw;auto_rickshaw;pedestrian",182,""
240,240,2,"Signal-less Urban Intersection",SUCCESS,18.30,27,2.247,5.450,1.26,3.11,1.003,8.000,0,3,"auto_rickshaw;auto_rickshaw;pedestrian",183,""
241,241,2,"Signal-less Urban Intersection",DEADLOCK,,22,3.444,2.186,0.85,2.02,1.672,8.000,0,3,"auto_rickshaw;auto_rickshaw;pedestrian",99,""
242,242,2,"Signal-less Urban Intersection",SAFE_STOP,,20,4.210,4.899,1.43,3.16,0.184,8.000,0,3,"auto_rickshaw;auto_rickshaw;pedestrian",500,""
243,243,2,"Signal-less Urban Intersection",SAFE_STOP,,19,4.039,4.931,1.77,4.41,0.242,8.000,0,3,"auto_rickshaw;auto_rickshaw;pedestrian",500,""
244,244,2,"Signal-less Urban Intersection",SUCCESS,18.80,46,0.773,1.890,1.70,4.63,0.900,8.000,0,3,"auto_rickshaw;auto_rickshaw;pedestrian",188,""
245,245,2,"Signal-less Urban Intersection",SUCCESS,18.20,33,3.207,5.572,2.29,11.37,0.991,8.000,0,3,"auto_rickshaw;auto_rickshaw;pedestrian",182,""
246,246,2,"Signal-less Urban Intersection",SAFE_STOP,,17,5.269,6.065,1.23,2.88,0.169,6.137,0,3,"auto_rickshaw;auto_rickshaw;pedestrian",500,""
247,247,2,"Signal-less Urban Intersection",SUCCESS,22.00,50,1.641,3.186,1.69,8.56,1.043,8.000,0,3,"auto_rickshaw;auto_rickshaw;pedestrian",220,""
248,248,2,"Signal-less Urban Intersection",DEADLOCK,,28,2.143,1.844,0.99,2.92,1.516,8.000,0,3,"auto_rickshaw;auto_rickshaw;pedestrian",97,""
249,249,2,"Signal-less Urban Intersection",COLLISION,,22,0.387,0.820,1.30,4.15,1.029,8.000,0,3,"auto_rickshaw;auto_rickshaw;pedestrian",77,""
250,250,2,"Signal-less Urban Intersection",DEADLOCK,,30,2.380,2.660,1.95,14.33,1.137,8.000,0,3,"auto_rickshaw;auto_rickshaw;pedestrian",106,""
251,251,2,"Signal-less Urban Intersection",SAFE_STOP,,19,4.217,4.295,1.34,4.19,0.191,8.000,0,3,"auto_rickshaw;auto_rickshaw;pedestrian",500,""
252,252,2,"Signal-less Urban Intersection",SUCCESS,18.90,45,0.704,2.335,1.26,4.65,1.004,8.000,0,3,"auto_rickshaw;auto_rickshaw;pedestrian",189,""
253,253,2,"Signal-less Urban Intersection",SAFE_STOP,,26,2.556,5.740,1.36,9.15,0.496,8.000,0,3,"auto_rickshaw;auto_rickshaw;pedestrian",500,""
254,254,2,"Signal-less Urban Intersection",SUCCESS,19.30,44,2.433,3.621,1.04,2.53,0.891,8.000,0,3,"auto_rickshaw;auto_rickshaw;pedestrian",193,""
255,255,2,"Signal-less Urban Intersection",SUCCESS,18.80,37,2.760,5.351,1.52,3.91,0.945,8.000,0,3,"auto_rickshaw;auto_rickshaw;pedestrian",188,""
256,256,2,"Signal-less Urban Intersection",DEADLOCK,,27,2.139,2.722,1.39,9.93,1.080,8.000,0,3,"auto_rickshaw;auto_rickshaw;pedestrian",120,""
257,257,2,"Signal-less Urban Intersection",COLLISION,,26,0.353,0.842,1.42,3.88,0.966,8.000,0,3,"auto_rickshaw;auto_rickshaw;pedestrian",75,""
258,258,2,"Signal-less Urban Intersection",SAFE_STOP,,18,4.558,4.611,1.19,3.75,0.236,8.000,0,3,"auto_rickshaw;auto_rickshaw;pedestrian",500,""
259,259,2,"Signal-less Urban Intersection",SUCCESS,17.70,42,1.245,1.496,1.33,2.36,0.956,8.000,0,3,"auto_rickshaw;auto_rickshaw;pedestrian",177,""
260,260,2,"Signal-less Urban Intersection",SUCCESS,29.80,56,1.928,6.159,1.35,4.05,1.116,8.000,0,3,"auto_rickshaw;auto_rickshaw;pedestrian",298,""
261,261,2,"Signal-less Urban Intersection",SAFE_STOP,,31,3.090,5.820,1.66,10.67,0.564,8.000,0,3,"auto_rickshaw;auto_rickshaw;pedestrian",500,""
262,262,2,"Signal-less Urban Intersection",SUCCESS,19.50,46,0.851,1.474,1.05,4.00,0.912,8.000,0,3,"auto_rickshaw;auto_rickshaw;pedestrian",195,""
263,263,2,"Signal-less Urban Intersection",SUCCESS,26.40,47,1.757,6.139,3.23,25.62,1.067,8.000,0,3,"auto_rickshaw;auto_rickshaw;pedestrian",264,""
264,264,2,"Signal-less Urban Intersection",SUCCESS,22.70,55,0.546,3.634,1.70,6.70,0.893,8.000,0,3,"auto_rickshaw;auto_rickshaw;pedestrian",227,""
265,265,2,"Signal-less Urban Intersection",SUCCESS,22.60,61,0.966,2.508,1.04,5.03,1.001,8.000,0,3,"auto_rickshaw;auto_rickshaw;pedestrian",226,""
266,266,2,"Signal-less Urban Intersection",SAFE_STOP,,50,1.938,5.437,1.53,6.18,0.514,8.000,0,3,"auto_rickshaw;auto_rickshaw;pedestrian",500,""
267,267,2,"Signal-less Urban Intersection",SUCCESS,17.60,39,1.375,2.436,1.13,2.86,0.980,8.000,0,3,"auto_rickshaw;auto_rickshaw;pedestrian",176,""
268,268,2,"Signal-less Urban Intersection",SUCCESS,22.00,49,0.923,1.263,0.97,2.96,0.922,8.000,0,3,"auto_rickshaw;auto_rickshaw;pedestrian",220,""
269,269,2,"Signal-less Urban Intersection",SUCCESS,18.90,43,0.459,1.198,2.34,8.83,0.784,7.821,0,3,"auto_rickshaw;auto_rickshaw;pedestrian",189,""
270,270,2,"Signal-less Urban Intersection",SAFE_STOP,,38,1.109,5.272,2.09,17.47,0.449,8.000,0,3,"auto_rickshaw;auto_rickshaw;pedestrian",500,""
271,271,2,"Signal-less Urban Intersection",SUCCESS,11.80,32,2.793,3.671,1.67,3.36,0.805,0.950,0,3,"auto_rickshaw;auto_rickshaw;pedestrian",118,""
272,272,2,"Signal-less Urban Intersection",COLLISION,,31,0.378,1.097,1.58,3.86,1.217,8.000,0,3,"auto_rickshaw;auto_rickshaw;pedestrian",82,""
273,273,2,"Signal-less Urban Intersection",SUCCESS,15.70,33,2.666,3.175,1.87,4.22,1.158,8.000,0,3,"auto_rickshaw;auto_rickshaw;pedestrian",157,""
274,274,2,"Signal-less Urban Intersection",COLLISION,,41,0.395,0.763,1.89,11.26,0.875,8.000,0,3,"auto_rickshaw;auto_rickshaw;pedestrian",104,""
275,275,2,"Signal-less Urban Intersection",COLLISION,,17,0.271,1.197,2.13,3.91,1.327,8.000,0,3,"auto_rickshaw;auto_rickshaw;pedestrian",54,""
276,276,2,"Signal-less Urban Intersection",SUCCESS,23.90,66,0.783,1.493,1.79,10.49,1.099,8.000,0,3,"auto_rickshaw;auto_rickshaw;pedestrian",239,""
277,277,2,"Signal-less Urban Intersection",SAFE_STOP,,30,3.071,5.391,1.62,5.01,0.401,8.000,0,3,"auto_rickshaw;auto_rickshaw;pedestrian",500,""
278,278,2,"Signal-less Urban Intersection",DEADLOCK,,28,2.401,2.892,1.90,4.08,1.245,8.000,0,3,"auto_rickshaw;auto_rickshaw;pedestrian",103,""
279,279,2,"Signal-less Urban Intersection",SAFE_STOP,,45,1.399,5.932,1.47,3.81,0.555,8.000,0,3,"auto_rickshaw;auto_rickshaw;pedestrian",500,""
280,280,2,"Signal-less Urban Intersection",SUCCESS,21.70,55,1.039,1.111,2.12,13.50,0.709,0.950,0,3,"auto_rickshaw;auto_rickshaw;pedestrian",217,""
281,281,2,"Signal-less Urban Intersection",SUCCESS,20.80,53,0.662,1.119,1.93,21.98,0.902,8.000,0,3,"auto_rickshaw;auto_rickshaw;pedestrian",208,""
282,282,2,"Signal-less Urban Intersection",SUCCESS,22.00,45,1.230,1.027,1.20,5.23,0.992,8.000,0,3,"auto_rickshaw;auto_rickshaw;pedestrian",220,""
283,283,2,"Signal-less Urban Intersection",SUCCESS,21.70,48,0.748,1.480,1.63,4.88,1.069,8.000,0,3,"auto_rickshaw;auto_rickshaw;pedestrian",217,""
284,284,2,"Signal-less Urban Intersection",SAFE_STOP,,39,1.298,6.193,1.63,3.98,0.442,8.000,0,3,"auto_rickshaw;auto_rickshaw;pedestrian",500,""
285,285,2,"Signal-less Urban Intersection",SAFE_STOP,,55,2.650,6.481,1.44,4.44,1.056,8.000,0,3,"auto_rickshaw;auto_rickshaw;pedestrian",355,""
286,286,2,"Signal-less Urban Intersection",SAFE_STOP,,22,4.442,4.272,1.85,8.61,0.362,8.000,0,3,"auto_rickshaw;auto_rickshaw;pedestrian",500,""
287,287,2,"Signal-less Urban Intersection",COLLISION,,22,0.127,1.307,1.64,4.22,1.155,8.000,0,3,"auto_rickshaw;auto_rickshaw;pedestrian",67,""
288,288,2,"Signal-less Urban Intersection",SUCCESS,23.10,55,1.744,2.468,1.21,5.88,1.094,8.000,0,3,"auto_rickshaw;auto_rickshaw;pedestrian",231,""
289,289,2,"Signal-less Urban Intersection",SUCCESS,19.00,46,0.571,1.525,1.55,8.37,1.141,8.000,0,3,"auto_rickshaw;auto_rickshaw;pedestrian",190,""
290,290,2,"Signal-less Urban Intersection",SUCCESS,28.60,62,1.694,7.186,1.43,8.98,0.904,8.000,0,3,"auto_rickshaw;auto_rickshaw;pedestrian",286,""
291,291,2,"Signal-less Urban Intersection",SUCCESS,19.00,44,1.747,2.516,1.31,4.07,1.037,8.000,0,3,"auto_rickshaw;auto_rickshaw;pedestrian",190,""
292,292,2,"Signal-less Urban Intersection",SAFE_STOP,,21,4.013,5.148,1.43,3.95,0.168,0.950,0,3,"auto_rickshaw;auto_rickshaw;pedestrian",500,""
293,293,2,"Signal-less Urban Intersection",SUCCESS,20.70,47,1.185,1.290,0.94,3.07,0.934,8.000,0,3,"auto_rickshaw;auto_rickshaw;pedestrian",207,""
294,294,2,"Signal-less Urban Intersection",SUCCESS,20.90,49,1.932,2.175,1.36,3.16,1.105,8.000,0,3,"auto_rickshaw;auto_rickshaw;pedestrian",209,""
295,295,2,"Signal-less Urban Intersection",SAFE_STOP,,21,3.456,4.223,1.26,2.38,0.188,8.000,0,3,"auto_rickshaw;auto_rickshaw;pedestrian",500,""
296,296,2,"Signal-less Urban Intersection",SAFE_STOP,,54,1.929,5.309,1.15,3.55,0.509,8.000,0,3,"auto_rickshaw;auto_rickshaw;pedestrian",500,""
297,297,2,"Signal-less Urban Intersection",SAFE_STOP,,27,3.218,5.673,1.32,4.46,0.467,8.000,0,3,"auto_rickshaw;auto_rickshaw;pedestrian",500,""
298,298,2,"Signal-less Urban Intersection",SUCCESS,17.70,36,1.990,2.587,1.39,2.79,1.118,8.000,0,3,"auto_rickshaw;auto_rickshaw;pedestrian",177,""
299,299,2,"Signal-less Urban Intersection",SUCCESS,18.70,40,1.998,3.592,1.99,20.47,1.013,8.000,0,3,"auto_rickshaw;auto_rickshaw;pedestrian",187,""
300,300,2,"Signal-less Urban Intersection",SAFE_STOP,,19,3.878,4.077,1.19,2.13,0.191,6.950,0,3,"auto_rickshaw;auto_rickshaw;pedestrian",500,""
301,301,2,"Signal-less Urban Intersection",SUCCESS,18.30,43,0.963,2.167,1.15,3.11,0.942,8.000,0,3,"auto_rickshaw;auto_rickshaw;pedestrian",183,""
302,302,2,"Signal-less Urban Intersection",SAFE_STOP,,20,4.292,4.471,1.12,2.17,0.192,7.418,0,3,"auto_rickshaw;auto_rickshaw;pedestrian",500,""
303,303,2,"Signal-less Urban Intersection",SAFE_STOP,,20,3.768,4.289,1.21,2.45,0.184,8.000,0,3,"auto_rickshaw;auto_rickshaw;pedestrian",500,""
304,304,2,"Signal-less Urban Intersection",SUCCESS,18.60,34,2.710,5.063,1.20,2.72,1.029,8.000,0,3,"auto_rickshaw;auto_rickshaw;pedestrian",186,""
305,305,2,"Signal-less Urban Intersection",SAFE_STOP,,18,4.314,4.458,1.22,3.01,0.204,8.000,0,3,"auto_rickshaw;auto_rickshaw;pedestrian",500,""
306,306,2,"Signal-less Urban Intersection",SUCCESS,20.30,47,1.308,3.489,1.70,12.19,0.990,8.000,0,3,"auto_rickshaw;auto_rickshaw;pedestrian",203,""
307,307,2,"Signal-less Urban Intersection",SAFE_STOP,,47,1.180,8.036,1.16,3.32,0.995,8.000,0,3,"auto_rickshaw;auto_rickshaw;pedestrian",317,""
308,308,2,"Signal-less Urban Intersection",SUCCESS,27.30,51,1.174,6.249,1.44,16.82,1.114,8.000,0,3,"auto_rickshaw;auto_rickshaw;pedestrian",273,""
309,309,2,"Signal-less Urban Intersection",SAFE_STOP,,14,4.688,4.808,1.21,2.65,0.176,8.000,0,3,"auto_rickshaw;auto_rickshaw;pedestrian",500,""
310,310,2,"Signal-less Urban Intersection",COLLISION,,23,0.302,1.559,1.34,3.00,1.400,8.000,0,3,"auto_rickshaw;auto_rickshaw;pedestrian",74,""
311,311,2,"Signal-less Urban Intersection",SUCCESS,20.10,38,1.953,3.147,1.28,3.89,0.813,8.000,0,3,"auto_rickshaw;auto_rickshaw;pedestrian",201,""
312,312,2,"Signal-less Urban Intersection",COLLISION,,34,0.254,1.133,1.36,5.38,1.292,8.000,0,3,"auto_rickshaw;auto_rickshaw;pedestrian",102,""
313,313,2,"Signal-less Urban Intersection",SUCCESS,26.80,50,2.495,7.032,1.52,6.81,1.073,8.000,0,3,"auto_rickshaw;auto_rickshaw;pedestrian",268,""
314,314,2,"Signal-less Urban Intersection",SUCCESS,19.00,44,1.050,1.265,1.31,11.08,0.937,8.000,0,3,"auto_rickshaw;auto_rickshaw;pedestrian",190,""
315,315,2,"Signal-less Urban Intersection",SUCCESS,20.60,53,0.649,1.274,1.26,3.00,1.043,8.000,0,3,"auto_rickshaw;auto_rickshaw;pedestrian",206,""
316,316,2,"Signal-less Urban Intersection",SUCCESS,18.40,29,2.557,5.126,1.94,10.83,1.002,8.000,0,3,"auto_rickshaw;auto_rickshaw;pedestrian",184,""
317,317,2,"Signal-less Urban Intersection",SAFE_STOP,,20,4.740,5.362,1.21,2.38,0.228,8.000,0,3,"auto_rickshaw;auto_rickshaw;pedestrian",500,""
318,318,2,"Signal-less Urban Intersection",SUCCESS,20.10,52,1.118,2.166,0.91,2.34,0.911,8.000,0,3,"auto_rickshaw;auto_rickshaw;pedestrian",201,""
319,319,2,"Signal-less Urban Intersection",SUCCESS,21.70,59,1.085,1.478,0.85,2.07,1.051,8.000,0,3,"auto_rickshaw;auto_rickshaw;pedestrian",217,""
320,320,2,"Signal-less Urban Intersection",SAFE_STOP,,41,2.536,5.851,1.31,3.32,0.527,8.000,0,3,"auto_rickshaw;auto_rickshaw;pedestrian",500,""
321,321,2,"Signal-less Urban Intersection",SUCCESS,20.10,51,1.234,2.029,1.64,8.85,1.031,8.000,0,3,"auto_rickshaw;auto_rickshaw;pedestrian",201,""
322,322,2,"Signal-less Urban Intersection",SAFE_STOP,,41,1.726,5.199,1.21,3.01,0.514,8.000,0,3,"auto_rickshaw;auto_rickshaw;pedestrian",500,""
323,323,2,"Signal-less Urban Intersection",COLLISION,,28,0.344,1.446,2.25,4.41,1.596,8.000,0,3,"auto_rickshaw;auto_rickshaw;pedestrian",69,""
324,324,2,"Signal-less Urban Intersection",SUCCESS,19.80,48,0.964,1.731,1.09,2.76,0.919,8.000,0,3,"auto_rickshaw;auto_rickshaw;pedestrian",198,""
325,325,2,"Signal-less Urban Intersection",SUCCESS,15.50,31,3.398,3.967,1.66,3.44,1.128,8.000,0,3,"auto_rickshaw;auto_rickshaw;pedestrian",155,""
326,326,2,"Signal-less Urban Intersection",SUCCESS,23.90,60,0.755,1.404,1.04,5.02,1.082,8.000,0,3,"auto_rickshaw;auto_rickshaw;pedestrian",239,""
327,327,2,"Signal-less Urban Intersection",SUCCESS,20.00,45,1.126,1.725,1.27,4.12,0.967,8.000,0,3,"auto_rickshaw;auto_rickshaw;pedestrian",200,""
328,328,2,"Signal-less Urban Intersection",SAFE_STOP,,19,4.309,4.468,1.34,2.76,0.173,7.100,0,3,"auto_rickshaw;auto_rickshaw;pedestrian",500,""
329,329,2,"Signal-less Urban Intersection",SUCCESS,18.20,43,0.862,1.440,0.88,2.59,0.958,8.000,0,3,"auto_rickshaw;auto_rickshaw;pedestrian",182,""
330,330,2,"Signal-less Urban Intersection",SUCCESS,22.70,45,1.946,1.510,1.34,3.97,1.072,8.000,0,3,"auto_rickshaw;auto_rickshaw;pedestrian",227,""
331,331,2,"Signal-less Urban Intersection",COLLISION,,40,0.293,1.087,1.49,4.51,1.430,8.000,0,3,"auto_rickshaw;auto_rickshaw;pedestrian",98,""
332,332,2,"Signal-less Urban Intersection",SAFE_STOP,,55,2.220,7.937,1.04,3.27,1.105,8.000,0,3,"auto_rickshaw;auto_rickshaw;pedestrian",391,""
333,333,2,"Signal-less Urban Intersection",SUCCESS,22.30,53,1.173,1.231,0.83,3.59,0.637,0.950,0,3,"auto_rickshaw;auto_rickshaw;pedestrian",223,""
334,334,2,"Signal-less Urban Intersection",SUCCESS,17.40,36,2.715,4.377,2.28,26.35,0.991,8.000,0,3,"auto_rickshaw;auto_rickshaw;pedestrian",174,""
335,335,2,"Signal-less Urban Intersection",SAFE_STOP,,19,5.339,5.948,1.19,2.42,0.135,0.950,0,3,"auto_rickshaw;auto_rickshaw;pedestrian",500,""
336,336,2,"Signal-less Urban Intersection",SUCCESS,21.40,57,0.814,1.240,1.12,2.88,1.022,8.000,0,3,"auto_rickshaw;auto_rickshaw;pedestrian",214,""
337,337,2,"Signal-less Urban Intersection",SUCCESS,22.30,60,0.874,1.072,1.23,3.61,0.713,8.000,0,3,"auto_rickshaw;auto_rickshaw;pedestrian",223,""
338,338,2,"Signal-less Urban Intersection",COLLISION,,27,0.394,1.545,1.46,3.15,1.105,8.000,0,3,"auto_rickshaw;auto_rickshaw;pedestrian",81,""
339,339,2,"Signal-less Urban Intersection",SUCCESS,19.80,50,0.910,1.740,1.39,3.00,1.043,8.000,0,3,"auto_rickshaw;auto_rickshaw;pedestrian",198,""
340,340,2,"Signal-less Urban Intersection",SUCCESS,22.30,55,0.853,1.188,0.99,2.93,0.639,0.950,0,3,"auto_rickshaw;auto_rickshaw;pedestrian",223,""
341,341,2,"Signal-less Urban Intersection",SUCCESS,19.70,41,0.449,1.115,1.56,13.53,0.781,4.948,0,3,"auto_rickshaw;auto_rickshaw;pedestrian",197,""
342,342,2,"Signal-less Urban Intersection",SUCCESS,20.30,50,0.551,1.366,1.31,5.36,0.887,8.000,0,3,"auto_rickshaw;auto_rickshaw;pedestrian",203,""
343,343,2,"Signal-less Urban Intersection",SAFE_STOP,,15,6.081,6.575,1.25,3.66,0.178,8.000,0,3,"auto_rickshaw;auto_rickshaw;pedestrian",500,""
344,344,2,"Signal-less Urban Intersection",SAFE_STOP,,15,4.745,7.125,1.16,2.52,0.173,8.000,0,3,"auto_rickshaw;auto_rickshaw;pedestrian",500,""
345,345,2,"Signal-less Urban Intersection",SUCCESS,24.10,42,2.896,6.779,1.21,3.47,1.122,8.000,0,3,"auto_rickshaw;auto_rickshaw;pedestrian",241,""
346,346,2,"Signal-less Urban Intersection",COLLISION,,29,0.184,0.797,2.03,23.30,1.368,8.000,0,3,"auto_rickshaw;auto_rickshaw;pedestrian",88,""
347,347,2,"Signal-less Urban Intersection",COLLISION,,18,0.197,0.007,3.38,22.71,0.656,8.000,0,3,"auto_rickshaw;auto_rickshaw;pedestrian",86,""
348,348,2,"Signal-less Urban Intersection",SAFE_STOP,,47,1.626,6.840,1.19,3.00,0.944,8.000,0,3,"auto_rickshaw;auto_rickshaw;pedestrian",318,""
349,349,2,"Signal-less Urban Intersection",SUCCESS,20.20,49,0.767,2.569,1.37,3.78,0.838,8.000,0,3,"auto_rickshaw;auto_rickshaw;pedestrian",202,""
350,350,2,"Signal-less Urban Intersection",COLLISION,,26,0.184,1.888,1.14,4.93,0.909,8.000,0,3,"auto_rickshaw;auto_rickshaw;pedestrian",85,""
351,351,2,"Signal-less Urban Intersection",SUCCESS,18.80,46,0.412,1.101,2.33,8.03,0.806,8.000,0,3,"auto_rickshaw;auto_rickshaw;pedestrian",188,""
352,352,2,"Signal-less Urban Intersection",SUCCESS,22.20,60,1.459,2.764,2.05,13.44,1.062,8.000,0,3,"auto_rickshaw;auto_rickshaw;pedestrian",222,""
353,353,2,"Signal-less Urban Intersection",SAFE_STOP,,43,1.860,4.710,1.36,3.52,0.537,8.000,0,3,"auto_rickshaw;auto_rickshaw;pedestrian",500,""
354,354,2,"Signal-less Urban Intersection",SAFE_STOP,,30,2.640,6.023,1.78,9.10,0.471,8.000,0,3,"auto_rickshaw;auto_rickshaw;pedestrian",500,""
355,355,2,"Signal-less Urban Intersection",SUCCESS,21.90,50,0.847,1.194,1.34,9.09,0.937,8.000,0,3,"auto_rickshaw;auto_rickshaw;pedestrian",219,""
356,356,2,"Signal-less Urban Intersection",COLLISION,,27,0.183,1.020,1.60,4.10,1.147,8.000,0,3,"auto_rickshaw;auto_rickshaw;pedestrian",84,""
357,357,2,"Signal-less Urban Intersection",SAFE_STOP,,21,4.071,5.348,1.63,3.01,0.189,1.975,0,3,"auto_rickshaw;auto_rickshaw;pedestrian",500,""
358,358,2,"Signal-less Urban Intersection",DEADLOCK,,25,2.339,2.014,1.67,4.07,1.516,8.000,0,3,"auto_rickshaw;auto_rickshaw;pedestrian",99,""
359,359,2,"Signal-less Urban Intersection",SUCCESS,19.70,48,0.819,0.977,0.93,3.21,0.865,8.000,0,3,"auto_rickshaw;auto_rickshaw;pedestrian",197,""
360,360,2,"Signal-less Urban Intersection",SUCCESS,20.60,52,0.478,1.127,1.50,5.56,0.849,8.000,0,3,"auto_rickshaw;auto_rickshaw;pedestrian",206,""
361,361,2,"Signal-less Urban Intersection",SUCCESS,19.80,47,1.207,1.598,1.08,2.77,0.967,8.000,0,3,"auto_rickshaw;auto_rickshaw;pedestrian",198,""
362,362,2,"Signal-less Urban Intersection",SUCCESS,21.60,55,1.001,3.235,1.31,3.44,0.722,0.950,0,3,"auto_rickshaw;auto_rickshaw;pedestrian",216,""
363,363,2,"Signal-less Urban Intersection",SAFE_STOP,,27,3.832,4.250,1.61,3.70,0.335,8.000,0,3,"auto_rickshaw;auto_rickshaw;pedestrian",500,""
364,364,2,"Signal-less Urban Intersection",SUCCESS,18.60,43,0.799,1.917,2.40,5.13,0.777,7.547,0,3,"auto_rickshaw;auto_rickshaw;pedestrian",186,""
365,365,2,"Signal-less Urban Intersection",SUCCESS,19.20,47,0.485,1.007,1.91,5.95,0.992,8.000,0,3,"auto_rickshaw;auto_rickshaw;pedestrian",192,""
366,366,2,"Signal-less Urban Intersection",COLLISION,,25,0.348,0.596,2.12,6.42,0.993,8.000,0,3,"auto_rickshaw;auto_rickshaw;pedestrian",76,""
367,367,2,"Signal-less Urban Intersection",COLLISION,,24,0.378,0.779,2.98,5.41,1.030,8.000,0,3,"auto_rickshaw;auto_rickshaw;pedestrian",64,""
368,368,2,"Signal-less Urban Intersection",SUCCESS,18.50,42,0.429,1.058,3.18,38.94,0.760,8.000,0,3,"auto_rickshaw;auto_rickshaw;pedestrian",185,""
369,369,2,"Signal-less Urban Intersection",SUCCESS,20.20,50,0.555,1.496,1.60,4.59,1.072,8.000,0,3,"auto_rickshaw;auto_rickshaw;pedestrian",202,""
370,370,2,"Signal-less Urban Intersection",COLLISION,,24,0.332,1.225,2.86,19.94,1.086,8.000,0,3,"auto_rickshaw;auto_rickshaw;pedestrian",73,""
371,371,2,"Signal-less Urban Intersection",SAFE_STOP,,18,5.148,5.339,1.71,3.55,0.172,6.950,0,3,"auto_rickshaw;auto_rickshaw;pedestrian",500,""
372,372,2,"Signal-less Urban Intersection",COLLISION,,27,0.386,1.024,3.87,45.48,1.098,8.000,0,3,"auto_rickshaw;auto_rickshaw;pedestrian",86,""
373,373,2,"Signal-less Urban Intersection",SAFE_STOP,,44,1.876,5.013,1.98,10.71,0.589,8.000,0,3,"auto_rickshaw;auto_rickshaw;pedestrian",500,""
374,374,2,"Signal-less Urban Intersection",SUCCESS,19.60,44,0.913,1.048,1.24,7.11,0.902,8.000,0,3,"auto_rickshaw;auto_rickshaw;pedestrian",196,""
375,375,2,"Signal-less Urban Intersection",COLLISION,,25,0.378,1.038,2.06,4.01,1.105,8.000,0,3,"auto_rickshaw;auto_rickshaw;pedestrian",70,""
376,376,2,"Signal-less Urban Intersection",SUCCESS,22.10,54,1.053,1.781,1.43,4.29,1.064,8.000,0,3,"auto_rickshaw;auto_rickshaw;pedestrian",221,""
377,377,2,"Signal-less Urban Intersection",SAFE_STOP,,36,1.795,5.349,1.83,15.36,0.453,8.000,0,3,"auto_rickshaw;auto_rickshaw;pedestrian",500,""
378,378,2,"Signal-less Urban Intersection",SUCCESS,19.90,50,0.935,1.242,1.53,4.86,0.755,3.318,0,3,"auto_rickshaw;auto_rickshaw;pedestrian",199,""
379,379,2,"Signal-less Urban Intersection",SUCCESS,18.00,45,0.811,1.893,1.46,4.56,0.947,8.000,0,3,"auto_rickshaw;auto_rickshaw;pedestrian",180,""
380,380,2,"Signal-less Urban Intersection",SUCCESS,19.40,47,0.858,1.959,1.57,9.29,1.122,8.000,0,3,"auto_rickshaw;auto_rickshaw;pedestrian",194,""
381,381,2,"Signal-less Urban Intersection",SAFE_STOP,,23,3.030,4.196,1.62,3.78,0.182,6.375,0,3,"auto_rickshaw;auto_rickshaw;pedestrian",500,""
382,382,2,"Signal-less Urban Intersection",COLLISION,,19,0.322,1.336,1.69,3.55,1.321,8.000,0,3,"auto_rickshaw;auto_rickshaw;pedestrian",61,""
383,383,2,"Signal-less Urban Intersection",SAFE_STOP,,22,3.333,4.109,1.60,3.61,0.299,8.000,0,3,"auto_rickshaw;auto_rickshaw;pedestrian",500,""
384,384,2,"Signal-less Urban Intersection",SAFE_STOP,,18,5.604,6.275,1.79,3.47,0.160,3.625,0,3,"auto_rickshaw;auto_rickshaw;pedestrian",500,""
385,385,2,"Signal-less Urban Intersection",COLLISION,,33,0.396,1.434,2.39,15.64,0.803,8.000,0,3,"auto_rickshaw;auto_rickshaw;pedestrian",98,""
386,386,2,"Signal-less Urban Intersection",SUCCESS,22.40,52,0.894,1.086,1.37,4.60,0.959,8.000,0,3,"auto_rickshaw;auto_rickshaw;pedestrian",224,""
387,387,2,"Signal-less Urban Intersection",SAFE_STOP,,40,2.184,5.547,1.45,3.66,0.556,8.000,0,3,"auto_rickshaw;auto_rickshaw;pedestrian",500,""
388,388,2,"Signal-less Urban Intersection",SUCCESS,21.70,56,0.514,1.067,1.95,14.59,0.846,8.000,0,3,"auto_rickshaw;auto_rickshaw;pedestrian",217,""
389,389,2,"Signal-less Urban Intersection",COLLISION,,25,0.156,1.087,2.07,4.17,1.146,8.000,0,3,"auto_rickshaw;auto_rickshaw;pedestrian",72,""
390,390,2,"Signal-less Urban Intersection",SUCCESS,18.10,40,1.397,2.378,1.19,3.21,0.966,8.000,0,3,"auto_rickshaw;auto_rickshaw;pedestrian",181,""
391,391,2,"Signal-less Urban Intersection",SUCCESS,20.60,49,0.952,1.344,1.89,7.77,0.710,0.950,0,3,"auto_rickshaw;auto_rickshaw;pedestrian",206,""
392,392,2,"Signal-less Urban Intersection",SAFE_STOP,,44,2.384,6.014,1.68,4.90,0.582,8.000,0,3,"auto_rickshaw;auto_rickshaw;pedestrian",500,""
393,393,2,"Signal-less Urban Intersection",SUCCESS,18.80,45,0.481,1.168,1.79,4.35,0.890,8.000,0,3,"auto_rickshaw;auto_rickshaw;pedestrian",188,""
394,394,2,"Signal-less Urban Intersection",COLLISION,,22,0.301,1.374,2.82,41.85,1.100,8.000,0,3,"auto_rickshaw;auto_rickshaw;pedestrian",75,""
395,395,2,"Signal-less Urban Intersection",SUCCESS,29.90,50,2.267,5.968,1.39,3.68,1.135,8.000,0,3,"auto_rickshaw;auto_rickshaw;pedestrian",299,""
396,396,2,"Signal-less Urban Intersection",SAFE_STOP,,37,1.876,5.068,1.51,2.89,0.445,8.000,0,3,"auto_rickshaw;auto_rickshaw;pedestrian",500,""
397,397,2,"Signal-less Urban Intersection",SUCCESS,25.40,50,2.009,7.094,1.65,4.18,1.013,8.000,0,3,"auto_rickshaw;auto_rickshaw;pedestrian",254,""
398,398,2,"Signal-less Urban Intersection",SUCCESS,19.90,51,0.553,1.231,1.44,3.89,0.976,8.000,0,3,"auto_rickshaw;auto_rickshaw;pedestrian",199,""
399,399,2,"Signal-less Urban Intersection",SAFE_STOP,,28,1.520,6.496,1.48,3.15,0.466,8.000,0,3,"auto_rickshaw;auto_rickshaw;pedestrian",500,""
400,400,2,"Signal-less Urban Intersection",SAFE_STOP,,21,3.448,4.667,1.52,3.10,0.225,8.000,0,3,"auto_rickshaw;auto_rickshaw;pedestrian",500,""
401,401,3,"Highway Merge",SUCCESS,15.20,44,15.264,1.758,1.62,6.22,1.096,8.000,0,2,"lead_car;merging_truck",152,""
402,402,3,"Highway Merge",SUCCESS,9.30,16,15.030,2.499,1.60,3.08,0.878,6.151,0,2,"lead_car;merging_truck",93,""
403,403,3,"Highway Merge",SUCCESS,25.40,72,5.131,1.759,0.82,3.59,1.379,8.000,0,2,"lead_car;merging_truck",254,""
404,404,3,"Highway Merge",SUCCESS,22.30,62,4.199,2.010,0.95,3.42,1.399,8.000,0,2,"lead_car;merging_truck",223,""
405,405,3,"Highway Merge",SUCCESS,26.80,79,5.249,0.977,1.05,5.59,1.159,8.000,0,2,"lead_car;merging_truck",268,""
406,406,3,"Highway Merge",SUCCESS,19.30,57,3.695,2.010,0.99,6.93,1.224,8.000,0,2,"lead_car;merging_truck",193,""
407,407,3,"Highway Merge",SUCCESS,9.00,21,19.351,1.758,1.27,4.53,0.640,0.950,0,2,"lead_car;merging_truck",90,""
408,408,3,"Highway Merge",SUCCESS,17.70,67,3.635,1.758,1.06,4.23,1.209,8.000,0,2,"lead_car;merging_truck",177,""
409,409,3,"Highway Merge",SUCCESS,24.60,78,4.450,1.758,0.91,3.60,1.329,8.000,0,2,"lead_car;merging_truck",246,""
410,410,3,"Highway Merge",SUCCESS,9.00,12,28.106,2.020,1.41,3.19,0.556,0.950,0,2,"lead_car;merging_truck",90,""
411,411,3,"Highway Merge",SUCCESS,9.00,18,21.232,1.859,1.22,4.02,0.682,0.950,0,2,"lead_car;merging_truck",90,""
412,412,3,"Highway Merge",SUCCESS,25.30,72,5.117,1.759,1.14,3.97,1.374,8.000,0,2,"lead_car;merging_truck",253,""
413,413,3,"Highway Merge",SUCCESS,15.10,27,16.185,2.010,1.76,4.88,1.138,8.000,0,2,"lead_car;merging_truck",151,""
414,414,3,"Highway Merge",SUCCESS,9.00,15,24.024,1.861,1.30,2.88,0.556,0.950,0,2,"lead_car;merging_truck",90,""
415,415,3,"Highway Merge",SUCCESS,25.30,72,4.886,1.740,0.95,4.43,1.342,8.000,0,2,"lead_car;merging_truck",253,""
416,416,3,"Highway Merge",SUCCESS,10.50,32,14.775,1.343,1.63,4.18,0.899,0.950,0,2,"lead_car;merging_truck",105,""
417,417,3,"Highway Merge",SUCCESS,26.10,67,5.255,2.020,1.08,4.87,1.368,8.000,0,2,"lead_car;merging_truck",261,""
418,418,3,"Highway Merge",SUCCESS,9.00,15,22.409,1.861,1.26,2.81,0.556,0.950,0,2,"lead_car;merging_truck",90,""
419,419,3,"Highway Merge",SUCCESS,26.40,72,5.462,2.010,1.05,6.01,1.162,8.000,0,2,"lead_car;merging_truck",264,""
420,420,3,"Highway Merge",SUCCESS,9.70,22,19.294,1.859,1.15,3.80,0.831,0.950,0,2,"lead_car;merging_truck",97,""
421,421,3,"Highway Merge",SUCCESS,26.20,80,5.420,1.758,0.99,3.74,1.243,8.000,0,2,"lead_car;merging_truck",262,""
422,422,3,"Highway Merge",SUCCESS,9.00,15,24.051,1.861,1.28,2.86,0.556,0.950,0,2,"lead_car;merging_truck",90,""
423,423,3,"Highway Merge",SUCCESS,9.00,13,28.703,2.013,1.34,2.87,0.556,0.950,0,2,"lead_car;merging_truck",90,""
424,424,3,"Highway Merge",SUCCESS,9.20,19,18.853,1.859,1.19,4.34,0.771,0.950,0,2,"lead_car;merging_truck",92,""
425,425,3,"Highway Merge",SUCCESS,15.00,29,16.046,2.010,1.12,4.18,0.961,8.000,0,2,"lead_car;merging_truck",150,""
426,426,3,"Highway Merge",SUCCESS,9.30,18,16.441,1.861,1.10,2.64,0.793,0.950,0,2,"lead_car;merging_truck",93,""
427,427,3,"Highway Merge",SUCCESS,9.30,22,16.804,1.859,1.03,3.36,0.793,0.950,0,2,"lead_car;merging_truck",93,""
428,428,3,"Highway Merge",SUCCESS,25.50,73,4.917,1.754,0.99,3.71,1.286,8.000,0,2,"lead_car;merging_truck",255,""
429,429,3,"Highway Merge",SUCCESS,25.30,74,5.002,1.741,0.98,4.46,1.377,8.000,0,2,"lead_car;merging_truck",253,""
430,430,3,"Highway Merge",SUCCESS,24.90,76,4.960,1.758,1.00,4.58,1.286,8.000,0,2,"lead_car;merging_truck",249,""
431,431,3,"Highway Merge",SUCCESS,25.90,68,4.827,2.010,1.21,5.49,1.311,8.000,0,2,"lead_car;merging_truck",259,""
432,432,3,"Highway Merge",SUCCESS,9.00,16,19.962,1.859,1.41,3.51,0.556,0.950,0,2,"lead_car;merging_truck",90,""
433,433,3,"Highway Merge",SUCCESS,24.80,67,14.141,1.232,1.52,5.16,1.344,8.000,0,2,"lead_car;merging_truck",248,""
434,434,3,"Highway Merge",SUCCESS,9.00,16,21.050,1.859,1.58,4.17,0.619,0.950,0,2,"lead_car;merging_truck",90,""
435,435,3,"Highway Merge",SUCCESS,10.60,29,17.202,1.759,1.35,2.82,0.871,0.950,0,2,"lead_car;merging_truck",106,""
436,436,3,"Highway Merge",SUCCESS,23.20,71,4.755,1.758,0.95,3.30,1.349,8.000,0,2,"lead_car;merging_truck",232,""
437,437,3,"Highway Merge",SUCCESS,26.10,72,4.959,2.010,0.86,3.70,1.192,8.000,0,2,"lead_car;merging_truck",261,""
438,438,3,"Highway Merge",DEADLOCK,,71,13.596,1.758,0.82,3.00,1.539,8.000,0,2,"lead_car;merging_truck",211,""
439,439,3,"Highway Merge",SUCCESS,9.00,16,20.531,1.859,1.22,3.44,0.556,0.950,0,2,"lead_car;merging_truck",90,""
440,440,3,"Highway Merge",SUCCESS,14.70,31,15.339,1.859,1.14,4.44,0.948,8.000,0,2,"lead_car;merging_truck",147,""
441,441,3,"Highway Merge",SUCCESS,9.00,13,27.454,2.010,1.46,2.96,0.556,0.950,0,2,"lead_car;merging_truck",90,""
442,442,3,"Highway Merge",SUCCESS,9.00,13,22.602,2.948,1.98,3.62,0.556,0.950,0,2,"lead_car;merging_truck",90,""
443,443,3,"Highway Merge",SUCCESS,15.00,38,15.044,1.758,1.40,3.28,0.961,8.000,0,2,"lead_car;merging_truck",150,""
444,444,3,"Highway Merge",SUCCESS,25.80,77,5.212,1.755,0.96,2.89,1.382,8.000,0,2,"lead_car;merging_truck",258,""
445,445,3,"Highway Merge",SUCCESS,9.20,14,16.165,2.020,1.74,3.41,0.760,0.950,0,2,"lead_car;merging_truck",92,""
446,446,3,"Highway Merge",SUCCESS,9.90,18,15.563,2.020,1.87,3.46,0.843,0.950,0,2,"lead_car;merging_truck",99,""
447,447,3,"Highway Merge",DEADLOCK,,73,14.844,1.752,0.98,2.98,1.541,8.000,0,2,"lead_car;merging_truck",208,""
448,448,3,"Highway Merge",SUCCESS,24.80,72,5.112,1.747,1.49,6.93,1.369,8.000,0,2,"lead_car;merging_truck",248,""
449,449,3,"Highway Merge",SUCCESS,9.00,15,25.357,1.861,1.22,3.00,0.556,0.950,0,2,"lead_car;merging_truck",90,""
450,450,3,"Highway Merge",SUCCESS,17.30,48,5.577,2.010,1.11,3.88,1.134,8.000,0,2,"lead_car;merging_truck",173,""
451,451,3,"Highway Merge",DEADLOCK,,70,14.051,1.747,1.01,4.48,1.546,8.000,0,2,"lead_car;merging_truck",198,""
452,452,3,"Highway Merge",SUCCESS,26.90,75,5.039,1.859,1.00,5.06,1.339,8.000,0,2,"lead_car;merging_truck",269,""
453,453,3,"Highway Merge",SUCCESS,10.60,28,13.770,1.753,1.40,3.21,0.871,0.950,0,2,"lead_car;merging_truck",106,""
454,454,3,"Highway Merge",SUCCESS,9.00,16,21.248,1.859,1.15,2.76,0.556,0.950,0,2,"lead_car;merging_truck",90,""
455,455,3,"Highway Merge",SUCCESS,9.00,13,24.895,2.013,1.40,3.20,0.556,0.950,0,2,"lead_car;merging_truck",90,""
456,456,3,"Highway Merge",SUCCESS,9.00,12,20.704,2.020,1.36,2.61,0.619,0.950,0,2,"lead_car;merging_truck",90,""
457,457,3,"Highway Merge",SUCCESS,10.60,32,17.924,1.758,1.44,3.62,0.871,0.950,0,2,"lead_car;merging_truck",106,""
458,458,3,"Highway Merge",SUCCESS,10.60,34,13.234,1.758,1.60,3.76,0.871,0.950,0,2,"lead_car;merging_truck",106,""
459,459,3,"Highway Merge",SUCCESS,21.80,68,4.202,2.270,1.05,4.76,1.163,8.000,0,2,"lead_car;merging_truck",218,""
460,460,3,"Highway Merge",SUCCESS,19.00,66,3.471,1.757,0.93,3.53,1.237,8.000,0,2,"lead_car;merging_truck",190,""
461,461,3,"Highway Merge",SUCCESS,24.60,70,6.084,1.861,0.86,3.17,1.214,8.000,0,2,"lead_car;merging_truck",246,""
462,462,3,"Highway Merge",SUCCESS,23.60,70,4.879,1.747,0.92,3.55,1.333,8.000,0,2,"lead_car;merging_truck",236,""
463,463,3,"Highway Merge",SUCCESS,9.30,12,16.214,2.020,1.51,3.29,0.982,8.000,0,2,"lead_car;merging_truck",93,""
464,464,3,"Highway Merge",SUCCESS,27.70,87,4.926,1.304,0.92,3.70,1.125,8.000,0,2,"lead_car;merging_truck",277,""
465,465,3,"Highway Merge",SAFE_STOP,,66,11.804,1.017,1.03,6.80,1.336,8.000,0,2,"lead_car;merging_truck",161,""
466,466,3,"Highway Merge",SUCCESS,19.40,57,3.624,2.013,0.86,3.22,1.223,8.000,0,2,"lead_car;merging_truck",194,""
467,467,3,"Highway Merge",SUCCESS,27.40,82,5.165,1.758,0.97,4.81,1.189,8.000,0,2,"lead_car;merging_truck",274,""
468,468,3,"Highway Merge",SUCCESS,19.10,61,3.654,1.846,1.01,4.51,1.241,8.000,0,2,"lead_car;merging_truck",191,""
469,469,3,"Highway Merge",SUCCESS,23.60,69,4.794,1.804,0.95,4.83,1.350,8.000,0,2,"lead_car;merging_truck",236,""
470,470,3,"Highway Merge",SUCCESS,10.00,21,13.881,2.499,1.66,4.48,0.844,0.950,0,2,"lead_car;merging_truck",100,""
471,471,3,"Highway Merge",SUCCESS,9.20,23,17.728,2.275,1.61,3.62,0.781,0.950,0,2,"lead_car;merging_truck",92,""
472,472,3,"Highway Merge",SUCCESS,26.50,81,4.976,1.758,0.91,3.40,1.243,8.000,0,2,"lead_car;merging_truck",265,""
473,473,3,"Highway Merge",SUCCESS,19.30,59,3.380,2.010,1.00,3.72,1.257,8.000,0,2,"lead_car;merging_truck",193,""
474,474,3,"Highway Merge",SUCCESS,9.00,16,21.808,1.859,1.07,2.43,0.556,0.950,0,2,"lead_car;merging_truck",90,""
475,475,3,"Highway Merge",SUCCESS,24.00,68,4.692,2.020,1.25,5.13,1.158,8.000,0,2,"lead_car;merging_truck",240,""
476,476,3,"Highway Merge",SUCCESS,26.70,78,5.203,1.758,0.93,4.69,1.350,8.000,0,2,"lead_car;merging_truck",267,""
477,477,3,"Highway Merge",SUCCESS,15.10,40,14.758,1.758,1.33,4.38,0.974,8.000,0,2,"lead_car;merging_truck",151,""
478,478,3,"Highway Merge",SUCCESS,26.90,73,5.379,1.861,0.86,3.85,1.307,8.000,0,2,"lead_car;merging_truck",269,""
479,479,3,"Highway Merge",SUCCESS,26.80,77,5.521,1.303,0.83,3.35,1.229,8.000,0,2,"lead_car;merging_truck",268,""
480,480,3,"Highway Merge",DEADLOCK,,44,14.850,2.011,1.30,4.78,1.430,8.000,0,2,"lead_car;merging_truck",219,""
481,481,3,"Highway Merge",DEADLOCK,,76,15.131,1.366,0.97,3.08,1.525,8.000,0,2,"lead_car;merging_truck",220,""
482,482,3,"Highway Merge",SUCCESS,9.00,18,19.241,1.759,1.62,6.44,0.556,0.950,0,2,"lead_car;merging_truck",90,""
483,483,3,"Highway Merge",SUCCESS,25.80,78,5.258,1.758,0.84,3.05,1.381,8.000,0,2,"lead_car;merging_truck",258,""
484,484,3,"Highway Merge",SUCCESS,9.00,16,22.651,1.859,1.14,2.51,0.556,0.950,0,2,"lead_car;merging_truck",90,""
485,485,3,"Highway Merge",SUCCESS,15.70,33,16.393,2.020,1.21,3.36,1.336,8.000,0,2,"lead_car;merging_truck",157,""
486,486,3,"Highway Merge",SUCCESS,19.30,57,3.235,2.020,0.89,3.59,1.257,8.000,0,2,"lead_car;merging_truck",193,""
487,487,3,"Highway Merge",SUCCESS,14.60,24,15.853,2.948,1.59,3.00,0.980,8.000,0,2,"lead_car;merging_truck",146,""
488,488,3,"Highway Merge",SUCCESS,22.70,59,15.218,1.555,1.12,2.85,1.376,8.000,0,2,"lead_car;merging_truck",227,""
489,489,3,"Highway Merge",DEADLOCK,,66,14.049,1.861,0.80,4.03,1.538,8.000,0,2,"lead_car;merging_truck",209,""
490,490,3,"Highway Merge",SUCCESS,9.00,12,20.854,2.020,1.43,2.46,0.619,0.950,0,2,"lead_car;merging_truck",90,""
491,491,3,"Highway Merge",SUCCESS,14.70,34,15.014,1.758,1.29,3.58,0.948,8.000,0,2,"lead_car;merging_truck",147,""
492,492,3,"Highway Merge",SUCCESS,9.00,14,19.349,2.010,1.27,2.41,0.661,0.950,0,2,"lead_car;merging_truck",90,""
493,493,3,"Highway Merge",SUCCESS,9.00,15,25.742,1.861,1.28,2.34,0.556,0.950,0,2,"lead_car;merging_truck",90,""
494,494,3,"Highway Merge",SUCCESS,9.90,22,18.092,1.829,1.41,3.13,0.843,0.950,0,2,"lead_car;merging_truck",99,""
495,495,3,"Highway Merge",SUCCESS,15.00,30,15.900,1.861,0.97,3.37,0.961,8.000,0,2,"lead_car;merging_truck",150,""
496,496,3,"Highway Merge",SUCCESS,9.00,16,23.639,1.859,1.20,3.10,0.556,0.950,0,2,"lead_car;merging_truck",90,""
497,497,3,"Highway Merge",SUCCESS,9.00,16,22.682,1.859,1.16,2.40,0.556,0.950,0,2,"lead_car;merging_truck",90,""
498,498,3,"Highway Merge",SUCCESS,9.10,12,16.520,2.020,1.54,2.64,0.861,8.000,0,2,"lead_car;merging_truck",91,""
499,499,3,"Highway Merge",SUCCESS,10.00,25,17.071,2.275,1.00,3.30,0.844,0.950,0,2,"lead_car;merging_truck",100,""
500,500,3,"Highway Merge",SUCCESS,24.10,71,4.648,2.020,0.80,3.48,1.360,8.000,0,2,"lead_car;merging_truck",241,""
501,501,3,"Highway Merge",SUCCESS,15.10,34,15.196,1.859,1.31,3.65,0.972,8.000,0,2,"lead_car;merging_truck",151,""
502,502,3,"Highway Merge",SUCCESS,27.20,82,5.435,1.219,0.78,3.42,1.103,8.000,0,2,"lead_car;merging_truck",272,""
503,503,3,"Highway Merge",SUCCESS,9.00,14,23.514,2.010,1.20,2.89,0.556,0.950,0,2,"lead_car;merging_truck",90,""
504,504,3,"Highway Merge",DEADLOCK,,75,15.356,1.758,0.83,3.22,1.520,8.000,0,2,"lead_car;merging_truck",218,""
505,505,3,"Highway Merge",SUCCESS,27.30,82,5.210,1.427,0.87,3.27,1.231,8.000,0,2,"lead_car;merging_truck",273,""
506,506,3,"Highway Merge",SUCCESS,15.30,40,15.727,2.020,1.28,2.61,1.116,8.000,0,2,"lead_car;merging_truck",153,""
507,507,3,"Highway Merge",SUCCESS,26.90,81,5.358,1.758,0.83,3.07,1.166,8.000,0,2,"lead_car;merging_truck",269,""
508,508,3,"Highway Merge",SUCCESS,19.30,54,3.661,2.013,0.82,3.46,1.248,8.000,0,2,"lead_car;merging_truck",193,""
509,509,3,"Highway Merge",SUCCESS,9.40,20,17.076,1.859,1.34,3.46,0.815,0.950,0,2,"lead_car;merging_truck",94,""
510,510,3,"Highway Merge",SUCCESS,10.00,13,16.083,2.020,1.50,3.35,0.974,8.000,0,2,"lead_car;merging_truck",100,""
511,511,3,"Highway Merge",SUCCESS,9.10,14,15.919,2.010,1.26,2.37,0.748,0.950,0,2,"lead_car;merging_truck",91,""
512,512,3,"Highway Merge",SUCCESS,25.90,75,4.942,1.749,0.98,3.46,1.242,8.000,0,2,"lead_car;merging_truck",259,""
513,513,3,"Highway Merge",SUCCESS,16.60,50,15.015,1.555,1.32,3.83,1.278,8.000,0,2,"lead_car;merging_truck",166,""
514,514,3,"Highway Merge",SUCCESS,26.50,80,5.315,1.179,0.82,3.72,1.203,8.000,0,2,"lead_car;merging_truck",265,""
515,515,3,"Highway Merge",SUCCESS,9.00,16,22.894,1.859,1.16,2.48,0.556,0.950,0,2,"lead_car;merging_truck",90,""
516,516,3,"Highway Merge",SUCCESS,9.00,13,26.997,2.013,1.67,5.22,0.556,0.950,0,2,"lead_car;merging_truck",90,""
517,517,3,"Highway Merge",SUCCESS,26.40,81,5.011,1.890,0.80,2.99,1.225,8.000,0,2,"lead_car;merging_truck",264,""
518,518,3,"Highway Merge",SUCCESS,16.00,21,17.220,2.020,1.32,2.48,1.089,8.000,0,2,"lead_car;merging_truck",160,""
519,519,3,"Highway Merge",SUCCESS,9.00,15,24.292,1.861,1.20,2.75,0.556,0.950,0,2,"lead_car;merging_truck",90,""
520,520,3,"Highway Merge",SUCCESS,14.80,33,14.769,1.057,1.06,2.94,0.948,8.000,0,2,"lead_car;merging_truck",148,""
521,521,3,"Highway Merge",SUCCESS,14.80,28,15.941,1.859,1.06,2.43,0.974,8.000,0,2,"lead_car;merging_truck",148,""
522,522,3,"Highway Merge",DEADLOCK,,67,13.806,1.859,0.79,3.02,1.512,8.000,0,2,"lead_car;merging_truck",216,""
523,523,3,"Highway Merge",SUCCESS,9.00,12,20.189,2.020,1.26,2.48,0.608,0.950,0,2,"lead_car;merging_truck",90,""
524,524,3,"Highway Merge",SUCCESS,9.00,15,18.937,1.861,1.28,3.12,0.661,0.950,0,2,"lead_car;merging_truck",90,""
525,525,3,"Highway Merge",SUCCESS,9.00,15,25.719,1.861,1.34,3.26,0.556,0.950,0,2,"lead_car;merging_truck",90,""
526,526,3,"Highway Merge",SUCCESS,27.50,75,5.507,1.861,0.82,3.09,1.287,8.000,0,2,"lead_car;merging_truck",275,""
527,527,3,"Highway Merge",SUCCESS,19.20,63,3.606,1.843,0.89,2.63,1.244,8.000,0,2,"lead_car;merging_truck",192,""
528,528,3,"Highway Merge",SUCCESS,19.00,59,3.450,2.009,0.85,3.19,1.237,8.000,0,2,"lead_car;merging_truck",190,""
529,529,3,"Highway Merge",DEADLOCK,,72,14.821,1.758,0.82,2.57,1.511,8.000,0,2,"lead_car;merging_truck",205,""
530,530,3,"Highway Merge",SUCCESS,9.60,21,14.678,1.859,1.19,3.29,0.910,6.022,0,2,"lead_car;merging_truck",96,""
531,531,3,"Highway Merge",SUCCESS,9.00,18,19.687,1.759,1.19,4.08,0.556,0.950,0,2,"lead_car;merging_truck",90,""
532,532,3,"Highway Merge",SUCCESS,26.10,78,4.912,1.758,0.76,2.75,1.286,8.000,0,2,"lead_car;merging_truck",261,""
533,533,3,"Highway Merge",SUCCESS,24.00,72,5.446,1.859,0.91,3.10,1.230,8.000,0,2,"lead_car;merging_truck",240,""
534,534,3,"Highway Merge",SUCCESS,9.00,17,19.000,2.417,1.28,2.77,0.556,0.950,0,2,"lead_car;merging_truck",90,""
535,535,3,"Highway Merge",SUCCESS,9.10,18,18.241,1.859,1.12,3.69,0.748,0.950,0,2,"lead_car;merging_truck",91,""
536,536,3,"Highway Merge",SUCCESS,9.80,31,19.381,1.758,1.19,2.83,0.849,0.950,0,2,"lead_car;merging_truck",98,""
537,537,3,"Highway Merge",SUCCESS,25.60,77,5.052,1.509,0.90,3.36,1.332,8.000,0,2,"lead_car;merging_truck",256,""
538,538,3,"Highway Merge",SUCCESS,9.00,16,22.595,1.859,1.15,2.34,0.556,0.950,0,2,"lead_car;merging_truck",90,""
539,539,3,"Highway Merge",DEADLOCK,,64,13.053,2.010,0.95,4.57,1.511,8.000,0,2,"lead_car;merging_truck",220,""
540,540,3,"Highway Merge",SUCCESS,9.00,17,20.775,1.758,1.06,3.22,0.556,0.950,0,2,"lead_car;merging_truck",90,""
541,541,3,"Highway Merge",SUCCESS,9.40,22,17.446,1.758,0.89,3.01,0.815,0.950,0,2,"lead_car;merging_truck",94,""
542,542,3,"Highway Merge",SUCCESS,9.40,20,16.574,1.758,1.06,2.66,0.805,0.950,0,2,"lead_car;merging_truck",94,""
543,543,3,"Highway Merge",SUCCESS,18.80,57,3.441,2.015,0.87,2.80,1.230,8.000,0,2,"lead_car;merging_truck",188,""
544,544,3,"Highway Merge",SUCCESS,25.00,74,5.030,1.770,0.79,3.75,1.386,8.000,0,2,"lead_car;merging_truck",250,""
545,545,3,"Highway Merge",SUCCESS,25.10,76,5.296,1.490,0.82,4.66,1.387,8.000,0,2,"lead_car;merging_truck",251,""
546,546,3,"Highway Merge",DEADLOCK,,38,15.164,2.013,1.05,3.12,1.424,8.000,0,2,"lead_car;merging_truck",218,""
547,547,3,"Highway Merge",SUCCESS,25.80,72,5.331,1.752,0.81,3.76,1.382,8.000,0,2,"lead_car;merging_truck",258,""
548,548,3,"Highway Merge",SUCCESS,26.10,73,5.256,1.859,0.86,3.42,1.287,8.000,0,2,"lead_car;merging_truck",261,""
549,549,3,"Highway Merge",SUCCESS,9.00,13,25.475,2.013,1.32,2.84,0.556,0.950,0,2,"lead_car;merging_truck",90,""
550,550,3,"Highway Merge",SUCCESS,17.50,54,15.259,1.067,0.88,2.85,1.564,8.000,0,2,"lead_car;merging_truck",175,""
551,551,3,"Highway Merge",SUCCESS,9.00,12,24.921,2.020,1.21,2.50,0.556,0.950,0,2,"lead_car;merging_truck",90,""
552,552,3,"Highway Merge",SUCCESS,18.90,57,3.540,2.499,1.00,3.47,1.230,8.000,0,2,"lead_car;merging_truck",189,""
553,553,3,"Highway Merge",SUCCESS,9.00,14,25.974,2.010,1.15,2.36,0.556,0.950,0,2,"lead_car;merging_truck",90,""
554,554,3,"Highway Merge",SUCCESS,15.10,41,15.275,1.758,1.15,2.78,0.986,8.000,0,2,"lead_car;merging_truck",151,""
555,555,3,"Highway Merge",SUCCESS,14.70,39,14.569,1.758,1.42,4.00,0.954,8.000,0,2,"lead_car;merging_truck",147,""
556,556,3,"Highway Merge",SUCCESS,26.00,81,5.076,1.758,0.77,2.49,1.388,8.000,0,2,"lead_car;merging_truck",260,""
557,557,3,"Highway Merge",SUCCESS,9.00,15,24.599,1.861,1.26,2.54,0.556,0.950,0,2,"lead_car;merging_truck",90,""
558,558,3,"Highway Merge",SUCCESS,9.00,16,20.443,1.859,1.21,2.93,0.556,0.950,0,2,"lead_car;merging_truck",90,""
559,559,3,"Highway Merge",SUCCESS,25.80,70,4.977,2.012,0.78,3.54,1.372,8.000,0,2,"lead_car;merging_truck",258,""
560,560,3,"Highway Merge",SUCCESS,26.00,77,4.980,1.453,0.86,3.44,1.378,8.000,0,2,"lead_car;merging_truck",260,""
561,561,3,"Highway Merge",SUCCESS,23.90,78,4.992,1.308,0.88,3.94,1.339,8.000,0,2,"lead_car;merging_truck",239,""
562,562,3,"Highway Merge",SUCCESS,27.00,80,5.093,1.854,0.81,3.17,1.201,8.000,0,2,"lead_car;merging_truck",270,""
563,563,3,"Highway Merge",SUCCESS,26.00,74,5.038,1.358,0.89,5.66,1.326,8.000,0,2,"lead_car;merging_truck",260,""
564,564,3,"Highway Merge",SUCCESS,25.90,78,4.869,1.752,0.94,4.73,1.377,8.000,0,2,"lead_car;merging_truck",259,""
565,565,3,"Highway Merge",SUCCESS,26.80,82,4.802,1.755,0.96,4.27,1.206,8.000,0,2,"lead_car;merging_truck",268,""
566,566,3,"Highway Merge",SUCCESS,9.30,16,15.345,2.013,1.29,3.55,0.793,0.950,0,2,"lead_car;merging_truck",93,""
567,567,3,"Highway Merge",SUCCESS,9.00,18,20.859,1.753,1.28,3.27,0.556,0.950,0,2,"lead_car;merging_truck",90,""
568,568,3,"Highway Merge",SUCCESS,9.00,17,20.556,1.758,1.30,3.96,0.556,0.950,0,2,"lead_car;merging_truck",90,""
569,569,3,"Highway Merge",SUCCESS,9.00,16,23.599,1.859,1.51,5.52,0.556,0.950,0,2,"lead_car;merging_truck",90,""
570,570,3,"Highway Merge",SUCCESS,9.00,17,21.040,1.758,1.24,2.89,0.556,0.950,0,2,"lead_car;merging_truck",90,""
571,571,3,"Highway Merge",SUCCESS,26.90,77,4.960,1.860,0.91,3.52,1.346,8.000,0,2,"lead_car;merging_truck",269,""
572,572,3,"Highway Merge",SUCCESS,9.20,21,20.546,1.859,0.94,2.94,0.781,0.950,0,2,"lead_car;merging_truck",92,""
573,573,3,"Highway Merge",SUCCESS,16.00,47,15.065,1.191,1.26,3.51,1.106,8.000,0,2,"lead_car;merging_truck",160,""
574,574,3,"Highway Merge",SUCCESS,23.50,69,5.015,1.757,0.82,2.81,1.343,8.000,0,2,"lead_car;merging_truck",235,""
575,575,3,"Highway Merge",SUCCESS,14.50,24,16.216,2.010,1.31,2.74,1.004,8.000,0,2,"lead_car;merging_truck",145,""
576,576,3,"Highway Merge",SUCCESS,25.90,79,4.925,1.758,0.84,3.35,1.308,8.000,0,2,"lead_car;merging_truck",259,""
577,577,3,"Highway Merge",SUCCESS,13.20,21,15.937,1.861,1.54,3.92,1.003,8.000,0,2,"lead_car;merging_truck",132,""
578,578,3,"Highway Merge",SUCCESS,9.90,25,18.668,1.759,1.67,4.60,0.843,0.950,0,2,"lead_car;merging_truck",99,""
579,579,3,"Highway Merge",SUCCESS,26.70,80,5.024,1.758,0.90,3.42,1.281,8.000,0,2,"lead_car;merging_truck",267,""
580,580,3,"Highway Merge",SUCCESS,9.20,14,15.319,2.010,1.34,2.94,0.877,6.593,0,2,"lead_car;merging_truck",92,""
581,581,3,"Highway Merge",SUCCESS,27.10,74,5.515,1.861,1.00,4.32,1.279,8.000,0,2,"lead_car;merging_truck",271,""
582,582,3,"Highway Merge",SUCCESS,14.90,24,15.924,2.020,1.39,3.87,0.979,8.000,0,2,"lead_car;merging_truck",149,""
583,583,3,"Highway Merge",SUCCESS,26.00,73,5.375,1.209,0.94,4.85,1.380,8.000,0,2,"lead_car;merging_truck",260,""
584,584,3,"Highway Merge",SUCCESS,25.60,75,4.824,1.897,1.02,4.83,1.343,8.000,0,2,"lead_car;merging_truck",256,""
585,585,3,"Highway Merge",SUCCESS,10.60,25,18.972,1.758,1.39,5.37,0.871,0.950,0,2,"lead_car;merging_truck",106,""
586,586,3,"Highway Merge",SUCCESS,26.20,79,5.076,1.758,1.22,4.17,1.394,8.000,0,2,"lead_car;merging_truck",262,""
587,587,3,"Highway Merge",SUCCESS,23.20,58,9.784,1.758,1.21,3.08,1.308,8.000,0,2,"lead_car;merging_truck",232,""
588,588,3,"Highway Merge",SUCCESS,24.40,69,6.457,1.861,1.21,5.26,1.334,8.000,0,2,"lead_car;merging_truck",244,""
589,589,3,"Highway Merge",SUCCESS,9.00,14,26.676,2.010,1.52,3.63,0.556,0.950,0,2,"lead_car;merging_truck",90,""
590,590,3,"Highway Merge",DEADLOCK,,64,14.278,2.020,0.97,4.04,1.447,8.000,0,2,"lead_car;merging_truck",218,""
591,591,3,"Highway Merge",SUCCESS,24.90,78,4.791,2.020,0.98,4.44,1.188,8.000,0,2,"lead_car;merging_truck",249,""
592,592,3,"Highway Merge",SUCCESS,25.60,70,5.176,2.013,0.88,3.52,1.230,8.000,0,2,"lead_car;merging_truck",256,""
593,593,3,"Highway Merge",SUCCESS,25.20,68,4.692,1.859,1.06,3.96,1.289,8.000,0,2,"lead_car;merging_truck",252,""
594,594,3,"Highway Merge",DEADLOCK,,58,15.512,1.747,1.65,8.13,1.413,8.000,0,2,"lead_car;merging_truck",221,""
595,595,3,"Highway Merge",SUCCESS,9.70,23,14.730,1.859,1.46,4.73,0.831,0.950,0,2,"lead_car;merging_truck",97,""
596,596,3,"Highway Merge",SUCCESS,19.10,57,3.357,2.013,1.11,4.72,1.227,8.000,0,2,"lead_car;merging_truck",191,""
597,597,3,"Highway Merge",SUCCESS,24.50,66,5.336,1.861,1.05,4.44,1.298,8.000,0,2,"lead_car;merging_truck",245,""
598,598,3,"Highway Merge",SUCCESS,9.00,13,27.467,2.013,1.54,3.24,0.556,0.950,0,2,"lead_car;merging_truck",90,""
599,599,3,"Highway Merge",DEADLOCK,,44,15.686,1.859,1.46,3.96,1.428,8.000,0,2,"lead_car;merging_truck",214,""
600,600,3,"Highway Merge",SUCCESS,25.60,75,5.404,1.376,0.94,3.85,1.377,8.000,0,2,"lead_car;merging_truck",256,""
601,601,4,"Dense Market Squeeze",SAFE_STOP,,52,1.696,0.000,1.23,5.26,0.306,0.950,0,7,"pushcart;pushcart;pushcart;pedestrian;pedestrian;pedestrian;pedestrian",127,""
602,602,4,"Dense Market Squeeze",TIMEOUT,,182,12.350,0.516,1.19,5.68,0.775,8.000,0,7,"pushcart;pushcart;pushcart;pedestrian;pedestrian;pedestrian;pedestrian",500,""
603,603,4,"Dense Market Squeeze",SAFE_STOP,,93,1.675,0.000,2.27,6.67,0.157,2.008,0,7,"pushcart;pushcart;pushcart;pedestrian;pedestrian;pedestrian;pedestrian",235,""
604,604,4,"Dense Market Squeeze",SAFE_STOP,,48,3.695,0.000,0.83,3.67,0.271,0.950,0,7,"pushcart;pushcart;pushcart;pedestrian;pedestrian;pedestrian;pedestrian",143,""
605,605,4,"Dense Market Squeeze",SAFE_STOP,,49,2.197,0.000,0.95,7.52,0.329,0.950,0,7,"pushcart;pushcart;pushcart;pedestrian;pedestrian;pedestrian;pedestrian",118,""
606,606,4,"Dense Market Squeeze",SAFE_STOP,,69,2.117,0.000,1.19,10.01,0.172,0.950,0,7,"pushcart;pushcart;pushcart;pedestrian;pedestrian;pedestrian;pedestrian",226,""
607,607,4,"Dense Market Squeeze",SAFE_STOP,,64,2.640,0.000,1.73,5.02,0.275,0.950,0,7,"pushcart;pushcart;pushcart;pedestrian;pedestrian;pedestrian;pedestrian",148,""
608,608,4,"Dense Market Squeeze",SAFE_STOP,,127,4.181,0.575,2.26,6.40,0.735,8.000,0,7,"pushcart;pushcart;pushcart;pedestrian;pedestrian;pedestrian;pedestrian",327,""
609,609,4,"Dense Market Squeeze",SAFE_STOP,,97,2.990,0.000,1.72,6.34,0.273,4.475,0,7,"pushcart;pushcart;pushcart;pedestrian;pedestrian;pedestrian;pedestrian",400,""
610,610,4,"Dense Market Squeeze",SAFE_STOP,,45,1.985,0.000,1.85,4.76,0.373,0.950,0,7,"pushcart;pushcart;pushcart;pedestrian;pedestrian;pedestrian;pedestrian",104,""
611,611,4,"Dense Market Squeeze",TIMEOUT,,117,2.129,1.261,1.70,5.49,0.852,8.000,0,7,"pushcart;pushcart;pushcart;pedestrian;pedestrian;pedestrian;pedestrian",500,""
612,612,4,"Dense Market Squeeze",SAFE_STOP,,83,1.756,0.000,1.80,5.95,0.186,0.950,0,7,"pushcart;pushcart;pushcart;pedestrian;pedestrian;pedestrian;pedestrian",209,""
613,613,4,"Dense Market Squeeze",SAFE_STOP,,59,1.133,0.000,1.76,16.61,0.275,0.950,0,7,"pushcart;pushcart;pushcart;pedestrian;pedestrian;pedestrian;pedestrian",141,""
614,614,4,"Dense Market Squeeze",SAFE_STOP,,130,1.712,0.000,2.13,7.26,0.122,0.950,0,7,"pushcart;pushcart;pushcart;pedestrian;pedestrian;pedestrian;pedestrian",334,""
615,615,4,"Dense Market Squeeze",SAFE_STOP,,91,1.282,0.000,2.18,6.80,0.172,8.000,0,7,"pushcart;pushcart;pushcart;pedestrian;pedestrian;pedestrian;pedestrian",226,""
616,616,4,"Dense Market Squeeze",SAFE_STOP,,85,1.111,0.000,1.53,13.31,0.185,0.950,0,7,"pushcart;pushcart;pushcart;pedestrian;pedestrian;pedestrian;pedestrian",210,""
617,617,4,"Dense Market Squeeze",SUCCESS,44.30,140,12.551,0.623,1.09,3.34,0.598,8.000,0,7,"pushcart;pushcart;pushcart;pedestrian;pedestrian;pedestrian;pedestrian",443,""
618,618,4,"Dense Market Squeeze",SAFE_STOP,,109,3.464,0.432,1.12,6.28,0.378,0.950,0,7,"pushcart;pushcart;pushcart;pedestrian;pedestrian;pedestrian;pedestrian",389,""
619,619,4,"Dense Market Squeeze",SAFE_STOP,,161,3.793,0.005,1.43,5.91,0.412,0.950,0,7,"pushcart;pushcart;pushcart;pedestrian;pedestrian;pedestrian;pedestrian",417,""
620,620,4,"Dense Market Squeeze",SAFE_STOP,,94,1.121,0.000,2.39,13.35,0.164,0.950,0,7,"pushcart;pushcart;pushcart;pedestrian;pedestrian;pedestrian;pedestrian",237,""
621,621,4,"Dense Market Squeeze",SAFE_STOP,,51,0.973,0.000,1.41,8.31,0.321,0.950,0,7,"pushcart;pushcart;pushcart;pedestrian;pedestrian;pedestrian;pedestrian",121,""
622,622,4,"Dense Market Squeeze",SAFE_STOP,,71,3.497,0.000,2.82,10.45,0.214,0.950,0,7,"pushcart;pushcart;pushcart;pedestrian;pedestrian;pedestrian;pedestrian",181,""
623,623,4,"Dense Market Squeeze",SUCCESS,38.30,107,2.155,1.103,1.57,10.12,1.049,8.000,0,7,"pushcart;pushcart;pushcart;pedestrian;pedestrian;pedestrian;pedestrian",383,""
624,624,4,"Dense Market Squeeze",SAFE_STOP,,70,3.457,0.000,3.17,10.06,0.233,0.950,0,7,"pushcart;pushcart;pushcart;pedestrian;pedestrian;pedestrian;pedestrian",175,""
625,625,4,"Dense Market Squeeze",SAFE_STOP,,57,3.399,0.000,3.34,13.97,0.277,0.950,0,7,"pushcart;pushcart;pushcart;pedestrian;pedestrian;pedestrian;pedestrian",140,""
626,626,4,"Dense Market Squeeze",SAFE_STOP,,47,2.192,0.000,2.91,7.85,0.329,0.950,0,7,"pushcart;pushcart;pushcart;pedestrian;pedestrian;pedestrian;pedestrian",118,""
627,627,4,"Dense Market Squeeze",TIMEOUT,,190,12.390,0.551,1.92,4.04,1.010,8.000,0,7,"pushcart;pushcart;pushcart;pedestrian;pedestrian;pedestrian;pedestrian",500,""
628,628,4,"Dense Market Squeeze",SAFE_STOP,,122,3.186,0.271,1.63,8.30,0.475,0.950,0,7,"pushcart;pushcart;pushcart;pedestrian;pedestrian;pedestrian;pedestrian",411,""
629,629,4,"Dense Market Squeeze",SAFE_STOP,,94,2.912,0.000,2.34,12.77,0.165,0.950,0,7,"pushcart;pushcart;pushcart;pedestrian;pedestrian;pedestrian;pedestrian",235,""
630,630,4,"Dense Market Squeeze",SAFE_STOP,,112,3.723,0.000,1.15,7.74,0.344,0.950,0,7,"pushcart;pushcart;pushcart;pedestrian;pedestrian;pedestrian;pedestrian",422,""
631,631,4,"Dense Market Squeeze",SAFE_STOP,,49,2.542,0.000,1.76,9.08,0.329,0.950,0,7,"pushcart;pushcart;pushcart;pedestrian;pedestrian;pedestrian;pedestrian",118,""
632,632,4,"Dense Market Squeeze",SAFE_STOP,,51,1.132,0.000,0.91,4.12,0.326,0.950,0,7,"pushcart;pushcart;pushcart;pedestrian;pedestrian;pedestrian;pedestrian",119,""
633,633,4,"Dense Market Squeeze",SAFE_STOP,,43,2.180,0.000,2.59,10.44,0.388,0.950,0,7,"pushcart;pushcart;pushcart;pedestrian;pedestrian;pedestrian;pedestrian",100,""
634,634,4,"Dense Market Squeeze",SAFE_STOP,,97,1.216,0.000,2.49,12.85,0.182,0.950,0,7,"pushcart;pushcart;pushcart;pedestrian;pedestrian;pedestrian;pedestrian",245,""
635,635,4,"Dense Market Squeeze",SAFE_STOP,,50,1.150,0.000,1.09,12.11,0.281,0.950,0,7,"pushcart;pushcart;pushcart;pedestrian;pedestrian;pedestrian;pedestrian",138,""
636,636,4,"Dense Market Squeeze",SAFE_STOP,,32,1.861,0.000,1.51,13.78,0.388,0.950,0,7,"pushcart;pushcart;pushcart;pedestrian;pedestrian;pedestrian;pedestrian",100,""
637,637,4,"Dense Market Squeeze",SAFE_STOP,,40,3.724,0.000,1.16,10.83,0.232,0.950,0,7,"pushcart;pushcart;pushcart;pedestrian;pedestrian;pedestrian;pedestrian",167,""
638,638,4,"Dense Market Squeeze",SAFE_STOP,,84,2.156,0.000,1.66,8.55,0.130,0.950,0,7,"pushcart;pushcart;pushcart;pedestrian;pedestrian;pedestrian;pedestrian",299,""
639,639,4,"Dense Market Squeeze",SAFE_STOP,,53,1.841,0.000,0.74,2.41,0.338,0.950,0,7,"pushcart;pushcart;pushcart;pedestrian;pedestrian;pedestrian;pedestrian",312,""
640,640,4,"Dense Market Squeeze",SAFE_STOP,,58,2.053,0.000,2.75,6.84,0.281,0.950,0,7,"pushcart;pushcart;pushcart;pedestrian;pedestrian;pedestrian;pedestrian",138,""
641,641,4,"Dense Market Squeeze",SAFE_STOP,,87,2.255,0.000,1.79,10.81,0.175,0.950,0,7,"pushcart;pushcart;pushcart;pedestrian;pedestrian;pedestrian;pedestrian",222,""
642,642,4,"Dense Market Squeeze",SAFE_STOP,,166,3.394,1.129,2.32,6.12,0.712,8.000,0,7,"pushcart;pushcart;pushcart;pedestrian;pedestrian;pedestrian;pedestrian",424,""
643,643,4,"Dense Market Squeeze",SAFE_STOP,,27,3.793,0.000,1.09,3.56,0.283,0.950,0,7,"pushcart;pushcart;pushcart;pedestrian;pedestrian;pedestrian;pedestrian",137,""
644,644,4,"Dense Market Squeeze",SAFE_STOP,,47,1.021,0.000,1.73,5.89,0.353,0.950,0,7,"pushcart;pushcart;pushcart;pedestrian;pedestrian;pedestrian;pedestrian",110,""
645,645,4,"Dense Market Squeeze",SAFE_STOP,,96,3.227,0.000,1.11,5.28,0.164,0.950,0,7,"pushcart;pushcart;pushcart;pedestrian;pedestrian;pedestrian;pedestrian",236,""
646,646,4,"Dense Market Squeeze",SAFE_STOP,,61,2.991,0.000,0.94,4.04,0.241,0.950,0,7,"pushcart;pushcart;pushcart;pedestrian;pedestrian;pedestrian;pedestrian",169,""
647,647,4,"Dense Market Squeeze",SAFE_STOP,,55,1.732,0.000,2.39,9.03,0.298,0.950,0,7,"pushcart;pushcart;pushcart;pedestrian;pedestrian;pedestrian;pedestrian",130,""
648,648,4,"Dense Market Squeeze",SAFE_STOP,,63,1.845,0.000,0.87,3.32,0.177,6.700,0,7,"pushcart;pushcart;pushcart;pedestrian;pedestrian;pedestrian;pedestrian",315,""
649,649,4,"Dense Market Squeeze",SAFE_STOP,,52,2.028,0.000,3.21,8.68,0.313,0.950,0,7,"pushcart;pushcart;pushcart;pedestrian;pedestrian;pedestrian;pedestrian",124,""
650,650,4,"Dense Market Squeeze",SAFE_STOP,,70,2.822,0.000,0.83,4.55,0.197,0.950,0,7,"pushcart;pushcart;pushcart;pedestrian;pedestrian;pedestrian;pedestrian",389,""
651,651,4,"Dense Market Squeeze",SAFE_STOP,,129,3.938,1.011,1.95,5.72,0.564,0.950,0,7,"pushcart;pushcart;pushcart;pedestrian;pedestrian;pedestrian;pedestrian",334,""
652,652,4,"Dense Market Squeeze",SAFE_STOP,,46,1.861,0.000,2.48,12.00,0.359,0.950,0,7,"pushcart;pushcart;pushcart;pedestrian;pedestrian;pedestrian;pedestrian",108,""
653,653,4,"Dense Market Squeeze",SAFE_STOP,,109,1.737,0.000,1.99,13.95,0.324,0.950,0,7,"pushcart;pushcart;pushcart;pedestrian;pedestrian;pedestrian;pedestrian",278,""
654,654,4,"Dense Market Squeeze",SUCCESS,43.70,150,12.470,0.495,1.77,5.70,0.407,8.000,0,7,"pushcart;pushcart;pushcart;pedestrian;pedestrian;pedestrian;pedestrian",437,""
655,655,4,"Dense Market Squeeze",SAFE_STOP,,60,3.961,0.000,1.35,9.22,0.207,0.950,0,7,"pushcart;pushcart;pushcart;pedestrian;pedestrian;pedestrian;pedestrian",187,""
656,656,4,"Dense Market Squeeze",SAFE_STOP,,58,2.530,0.000,1.61,11.24,0.275,0.950,0,7,"pushcart;pushcart;pushcart;pedestrian;pedestrian;pedestrian;pedestrian",141,""
657,657,4,"Dense Market Squeeze",SAFE_STOP,,66,2.497,0.000,3.21,19.84,0.244,0.950,0,7,"pushcart;pushcart;pushcart;pedestrian;pedestrian;pedestrian;pedestrian",159,""
658,658,4,"Dense Market Squeeze",SAFE_STOP,,33,1.068,0.000,0.79,2.44,0.388,0.950,0,7,"pushcart;pushcart;pushcart;pedestrian;pedestrian;pedestrian;pedestrian",139,""
659,659,4,"Dense Market Squeeze",SAFE_STOP,,70,2.895,0.000,1.75,7.14,0.226,0.950,0,7,"pushcart;pushcart;pushcart;pedestrian;pedestrian;pedestrian;pedestrian",214,""
660,660,4,"Dense Market Squeeze",SUCCESS,48.70,163,12.445,0.947,1.17,4.20,0.532,8.000,0,7,"pushcart;pushcart;pushcart;pedestrian;pedestrian;pedestrian;pedestrian",487,""
661,661,4,"Dense Market Squeeze",SAFE_STOP,,62,2.367,0.000,0.91,7.18,0.276,0.950,0,7,"pushcart;pushcart;pushcart;pedestrian;pedestrian;pedestrian;pedestrian",278,""
662,662,4,"Dense Market Squeeze",TIMEOUT,,171,8.859,0.426,0.83,3.71,0.983,8.000,0,7,"pushcart;pushcart;pushcart;pedestrian;pedestrian;pedestrian;pedestrian",500,""
663,663,4,"Dense Market Squeeze",SAFE_STOP,,61,1.926,0.000,2.07,5.46,0.307,0.950,0,7,"pushcart;pushcart;pushcart;pedestrian;pedestrian;pedestrian;pedestrian",145,""
664,664,4,"Dense Market Squeeze",SAFE_STOP,,49,0.935,0.000,1.51,11.80,0.346,0.950,0,7,"pushcart;pushcart;pushcart;pedestrian;pedestrian;pedestrian;pedestrian",112,""
665,665,4,"Dense Market Squeeze",SAFE_STOP,,65,3.415,0.000,2.60,6.79,0.244,0.950,0,7,"pushcart;pushcart;pushcart;pedestrian;pedestrian;pedestrian;pedestrian",159,""
666,666,4,"Dense Market Squeeze",SAFE_STOP,,144,1.214,0.000,1.91,11.12,0.163,0.950,0,7,"pushcart;pushcart;pushcart;pedestrian;pedestrian;pedestrian;pedestrian",367,""
667,667,4,"Dense Market Squeeze",SAFE_STOP,,110,1.710,0.000,1.42,12.93,0.141,0.950,0,7,"pushcart;pushcart;pushcart;pedestrian;pedestrian;pedestrian;pedestrian",275,""
668,668,4,"Dense Market Squeeze",SAFE_STOP,,65,2.051,0.000,1.31,4.34,0.263,0.950,0,7,"pushcart;pushcart;pushcart;pedestrian;pedestrian;pedestrian;pedestrian",155,""
669,669,4,"Dense Market Squeeze",SAFE_STOP,,88,3.065,0.000,1.82,11.16,0.179,0.950,0,7,"pushcart;pushcart;pushcart;pedestrian;pedestrian;pedestrian;pedestrian",217,""
670,670,4,"Dense Market Squeeze",SAFE_STOP,,123,1.987,0.000,2.36,10.63,0.142,6.720,0,7,"pushcart;pushcart;pushcart;pedestrian;pedestrian;pedestrian;pedestrian",314,""
671,671,4,"Dense Market Squeeze",SAFE_STOP,,43,1.989,0.000,1.10,9.05,0.264,0.950,0,7,"pushcart;pushcart;pushcart;pedestrian;pedestrian;pedestrian;pedestrian",147,""
672,672,4,"Dense Market Squeeze",SAFE_STOP,,44,1.935,0.000,1.31,4.14,0.323,0.950,0,7,"pushcart;pushcart;pushcart;pedestrian;pedestrian;pedestrian;pedestrian",167,""
673,673,4,"Dense Market Squeeze",SAFE_STOP,,102,2.539,0.000,2.69,10.13,0.181,8.000,0,7,"pushcart;pushcart;pushcart;pedestrian;pedestrian;pedestrian;pedestrian",256,""
674,674,4,"Dense Market Squeeze",SAFE_STOP,,147,4.111,0.160,2.48,7.50,0.785,0.950,0,7,"pushcart;pushcart;pushcart;pedestrian;pedestrian;pedestrian;pedestrian",383,""
675,675,4,"Dense Market Squeeze",SAFE_STOP,,76,2.546,0.000,2.04,10.78,0.211,0.950,0,7,"pushcart;pushcart;pushcart;pedestrian;pedestrian;pedestrian;pedestrian",184,""
676,676,4,"Dense Market Squeeze",SAFE_STOP,,33,2.742,0.000,0.81,2.91,0.569,0.950,0,7,"pushcart;pushcart;pushcart;pedestrian;pedestrian;pedestrian;pedestrian",175,""
677,677,4,"Dense Market Squeeze",SAFE_STOP,,87,1.826,0.000,1.96,6.37,0.177,0.950,0,7,"pushcart;pushcart;pushcart;pedestrian;pedestrian;pedestrian;pedestrian",219,""
678,678,4,"Dense Market Squeeze",SAFE_STOP,,44,1.680,0.000,1.42,10.42,0.259,0.950,0,7,"pushcart;pushcart;pushcart;pedestrian;pedestrian;pedestrian;pedestrian",150,""
679,679,4,"Dense Market Squeeze",SAFE_STOP,,52,1.326,0.000,0.88,4.83,0.321,0.950,0,7,"pushcart;pushcart;pushcart;pedestrian;pedestrian;pedestrian;pedestrian",121,""
680,680,4,"Dense Market Squeeze",SAFE_STOP,,88,3.548,0.000,1.48,6.57,0.260,0.950,0,7,"pushcart;pushcart;pushcart;pedestrian;pedestrian;pedestrian;pedestrian",222,""
681,681,4,"Dense Market Squeeze",SAFE_STOP,,56,2.824,0.000,1.29,11.45,0.279,0.950,0,7,"pushcart;pushcart;pushcart;pedestrian;pedestrian;pedestrian;pedestrian",139,""
682,682,4,"Dense Market Squeeze",SAFE_STOP,,96,2.079,0.000,2.15,9.22,0.179,0.950,0,7,"pushcart;pushcart;pushcart;pedestrian;pedestrian;pedestrian;pedestrian",217,""
683,683,4,"Dense Market Squeeze",SAFE_STOP,,84,2.392,0.000,1.96,10.00,0.181,0.950,0,7,"pushcart;pushcart;pushcart;pedestrian;pedestrian;pedestrian;pedestrian",214,""
684,684,4,"Dense Market Squeeze",DEADLOCK,,74,1.878,0.542,1.48,6.81,0.838,8.000,0,7,"pushcart;pushcart;pushcart;pedestrian;pedestrian;pedestrian;pedestrian",295,""
685,685,4,"Dense Market Squeeze",SAFE_STOP,,95,2.820,0.018,2.15,14.09,0.364,0.950,0,7,"pushcart;pushcart;pushcart;pedestrian;pedestrian;pedestrian;pedestrian",365,""
686,686,4,"Dense Market Squeeze",SAFE_STOP,,98,1.041,0.000,2.42,12.58,0.175,8.000,0,7,"pushcart;pushcart;pushcart;pedestrian;pedestrian;pedestrian;pedestrian",243,""
687,687,4,"Dense Market Squeeze",SAFE_STOP,,145,3.773,0.000,1.95,6.53,0.176,7.318,0,7,"pushcart;pushcart;pushcart;pedestrian;pedestrian;pedestrian;pedestrian",372,""
688,688,4,"Dense Market Squeeze",SAFE_STOP,,72,2.922,0.000,1.30,5.37,0.259,0.950,0,7,"pushcart;pushcart;pushcart;pedestrian;pedestrian;pedestrian;pedestrian",172,""
689,689,4,"Dense Market Squeeze",SAFE_STOP,,94,2.350,0.000,1.85,6.78,0.164,0.950,0,7,"pushcart;pushcart;pushcart;pedestrian;pedestrian;pedestrian;pedestrian",237,""
690,690,4,"Dense Market Squeeze",SAFE_STOP,,50,1.661,0.000,1.31,3.67,0.255,0.950,0,7,"pushcart;pushcart;pushcart;pedestrian;pedestrian;pedestrian;pedestrian",152,""
691,691,4,"Dense Market Squeeze",SAFE_STOP,,68,3.738,0.000,1.39,8.25,0.288,0.950,0,7,"pushcart;pushcart;pushcart;pedestrian;pedestrian;pedestrian;pedestrian",168,""
692,692,4,"Dense Market Squeeze",SAFE_STOP,,98,2.750,0.000,1.38,9.59,0.149,0.950,0,7,"pushcart;pushcart;pushcart;pedestrian;pedestrian;pedestrian;pedestrian",260,""
693,693,4,"Dense Market Squeeze",SAFE_STOP,,76,2.438,0.000,1.34,4.58,0.210,0.950,0,7,"pushcart;pushcart;pushcart;pedestrian;pedestrian;pedestrian;pedestrian",185,""
694,694,4,"Dense Market Squeeze",TIMEOUT,,190,12.093,0.703,0.75,3.30,1.601,8.000,0,7,"pushcart;pushcart;pushcart;pedestrian;pedestrian;pedestrian;pedestrian",500,""
695,695,4,"Dense Market Squeeze",TIMEOUT,,181,12.342,0.186,0.94,3.48,0.693,8.000,0,7,"pushcart;pushcart;pushcart;pedestrian;pedestrian;pedestrian;pedestrian",500,""
696,696,4,"Dense Market Squeeze",TIMEOUT,,193,12.382,0.085,0.77,3.49,0.983,8.000,0,7,"pushcart;pushcart;pushcart;pedestrian;pedestrian;pedestrian;pedestrian",500,""
697,697,4,"Dense Market Squeeze",SAFE_STOP,,62,3.372,0.000,1.81,9.54,0.247,0.950,0,7,"pushcart;pushcart;pushcart;pedestrian;pedestrian;pedestrian;pedestrian",157,""
698,698,4,"Dense Market Squeeze",SAFE_STOP,,84,2.301,0.000,1.13,8.69,0.146,0.950,0,7,"pushcart;pushcart;pushcart;pedestrian;pedestrian;pedestrian;pedestrian",266,""
699,699,4,"Dense Market Squeeze",SAFE_STOP,,92,2.272,0.000,2.46,19.92,0.175,0.950,0,7,"pushcart;pushcart;pushcart;pedestrian;pedestrian;pedestrian;pedestrian",232,""
700,700,4,"Dense Market Squeeze",SAFE_STOP,,46,1.929,0.000,1.52,5.11,0.359,0.950,0,7,"pushcart;pushcart;pushcart;pedestrian;pedestrian;pedestrian;pedestrian",108,""
701,701,4,"Dense Market Squeeze",SAFE_STOP,,50,2.588,0.000,2.72,10.73,0.308,0.950,0,7,"pushcart;pushcart;pushcart;pedestrian;pedestrian;pedestrian;pedestrian",126,""
702,702,4,"Dense Market Squeeze",SAFE_STOP,,44,1.990,0.000,0.89,2.91,0.370,0.950,0,7,"pushcart;pushcart;pushcart;pedestrian;pedestrian;pedestrian;pedestrian",105,""
703,703,4,"Dense Market Squeeze",SAFE_STOP,,62,3.110,0.015,1.11,6.94,0.477,0.950,0,7,"pushcart;pushcart;pushcart;pedestrian;pedestrian;pedestrian;pedestrian",145,""
704,704,4,"Dense Market Squeeze",SAFE_STOP,,71,1.918,0.000,2.26,5.53,0.223,0.950,0,7,"pushcart;pushcart;pushcart;pedestrian;pedestrian;pedestrian;pedestrian",174,""
705,705,4,"Dense Market Squeeze",SAFE_STOP,,59,1.178,0.000,2.84,13.40,0.275,0.950,0,7,"pushcart;pushcart;pushcart;pedestrian;pedestrian;pedestrian;pedestrian",141,""
706,706,4,"Dense Market Squeeze",SAFE_STOP,,53,2.499,0.000,1.54,6.10,0.298,0.950,0,7,"pushcart;pushcart;pushcart;pedestrian;pedestrian;pedestrian;pedestrian",130,""
707,707,4,"Dense Market Squeeze",SAFE_STOP,,50,2.533,0.000,1.97,6.26,0.323,0.950,0,7,"pushcart;pushcart;pushcart;pedestrian;pedestrian;pedestrian;pedestrian",120,""
708,708,4,"Dense Market Squeeze",SAFE_STOP,,72,3.513,0.000,0.95,7.29,0.216,0.950,0,7,"pushcart;pushcart;pushcart;pedestrian;pedestrian;pedestrian;pedestrian",197,""
709,709,4,"Dense Market Squeeze",SAFE_STOP,,76,2.798,0.000,1.57,9.38,0.204,0.950,0,7,"pushcart;pushcart;pushcart;pedestrian;pedestrian;pedestrian;pedestrian",190,""
710,710,4,"Dense Market Squeeze",DEADLOCK,,38,1.994,0.686,1.90,14.43,0.943,8.000,0,7,"pushcart;pushcart;pushcart;pedestrian;pedestrian;pedestrian;pedestrian",160,""
711,711,4,"Dense Market Squeeze",SAFE_STOP,,82,2.805,0.000,2.69,9.43,0.201,0.950,0,7,"pushcart;pushcart;pushcart;pedestrian;pedestrian;pedestrian;pedestrian",202,""
712,712,4,"Dense Market Squeeze",SAFE_STOP,,51,3.539,0.000,1.27,8.29,0.247,0.950,0,7,"pushcart;pushcart;pushcart;pedestrian;pedestrian;pedestrian;pedestrian",157,""
713,713,4,"Dense Market Squeeze",SAFE_STOP,,53,1.191,0.000,1.28,16.26,0.184,0.950,0,7,"pushcart;pushcart;pushcart;pedestrian;pedestrian;pedestrian;pedestrian",221,""
714,714,4,"Dense Market Squeeze",SAFE_STOP,,59,1.841,0.000,1.90,5.27,0.273,0.950,0,7,"pushcart;pushcart;pushcart;pedestrian;pedestrian;pedestrian;pedestrian",142,""
715,715,4,"Dense Market Squeeze",SAFE_STOP,,49,0.979,0.000,1.25,4.29,0.346,0.950,0,7,"pushcart;pushcart;pushcart;pedestrian;pedestrian;pedestrian;pedestrian",112,""
716,716,4,"Dense Market Squeeze",SAFE_STOP,,37,2.854,0.000,1.00,2.73,0.262,0.950,0,7,"pushcart;pushcart;pushcart;pedestrian;pedestrian;pedestrian;pedestrian",148,""
717,717,4,"Dense Market Squeeze",SAFE_STOP,,96,1.136,0.000,1.67,4.87,0.162,0.950,0,7,"pushcart;pushcart;pushcart;pedestrian;pedestrian;pedestrian;pedestrian",239,""
718,718,4,"Dense Market Squeeze",SAFE_STOP,,119,2.101,0.028,2.33,7.01,0.369,0.950,0,7,"pushcart;pushcart;pushcart;pedestrian;pedestrian;pedestrian;pedestrian",306,""
719,719,4,"Dense Market Squeeze",SAFE_STOP,,88,1.070,0.000,1.41,6.19,0.177,8.000,0,7,"pushcart;pushcart;pushcart;pedestrian;pedestrian;pedestrian;pedestrian",241,""
720,720,4,"Dense Market Squeeze",SAFE_STOP,,62,1.428,0.000,2.30,6.78,0.260,0.950,0,7,"pushcart;pushcart;pushcart;pedestrian;pedestrian;pedestrian;pedestrian",149,""
721,721,4,"Dense Market Squeeze",SAFE_STOP,,45,1.884,0.000,1.78,6.00,0.363,0.950,0,7,"pushcart;pushcart;pushcart;pedestrian;pedestrian;pedestrian;pedestrian",107,""
722,722,4,"Dense Market Squeeze",SAFE_STOP,,46,1.790,0.000,1.49,9.58,0.353,0.950,0,7,"pushcart;pushcart;pushcart;pedestrian;pedestrian;pedestrian;pedestrian",110,""
723,723,4,"Dense Market Squeeze",SAFE_STOP,,82,3.588,0.000,1.09,8.19,0.212,0.950,0,7,"pushcart;pushcart;pushcart;pedestrian;pedestrian;pedestrian;pedestrian",344,""
724,724,4,"Dense Market Squeeze",SAFE_STOP,,69,1.916,0.000,1.57,10.57,0.237,0.950,0,7,"pushcart;pushcart;pushcart;pedestrian;pedestrian;pedestrian;pedestrian",164,""
725,725,4,"Dense Market Squeeze",SAFE_STOP,,27,2.914,0.000,0.75,1.88,0.257,0.950,0,7,"pushcart;pushcart;pushcart;pedestrian;pedestrian;pedestrian;pedestrian",151,""
726,726,4,"Dense Market Squeeze",SAFE_STOP,,45,1.471,0.000,1.26,6.91,0.370,0.950,0,7,"pushcart;pushcart;pushcart;pedestrian;pedestrian;pedestrian;pedestrian",105,""
727,727,4,"Dense Market Squeeze",SAFE_STOP,,43,2.011,0.000,0.97,10.53,0.407,0.950,0,7,"pushcart;pushcart;pushcart;pedestrian;pedestrian;pedestrian;pedestrian",100,""
728,728,4,"Dense Market Squeeze",SAFE_STOP,,55,1.726,0.000,2.33,7.48,0.308,0.950,0,7,"pushcart;pushcart;pushcart;pedestrian;pedestrian;pedestrian;pedestrian",132,""
729,729,4,"Dense Market Squeeze",SAFE_STOP,,67,1.912,0.000,1.10,10.95,0.174,0.950,0,7,"pushcart;pushcart;pushcart;pedestrian;pedestrian;pedestrian;pedestrian",223,""
730,730,4,"Dense Market Squeeze",SAFE_STOP,,43,2.017,0.000,1.80,6.30,0.377,0.950,0,7,"pushcart;pushcart;pushcart;pedestrian;pedestrian;pedestrian;pedestrian",103,""
731,731,4,"Dense Market Squeeze",SAFE_STOP,,67,2.542,0.000,2.02,8.16,0.235,0.950,0,7,"pushcart;pushcart;pushcart;pedestrian;pedestrian;pedestrian;pedestrian",165,""
732,732,4,"Dense Market Squeeze",TIMEOUT,,220,12.060,0.604,0.90,4.30,1.004,8.000,0,7,"pushcart;pushcart;pushcart;pedestrian;pedestrian;pedestrian;pedestrian",500,""
733,733,4,"Dense Market Squeeze",SAFE_STOP,,43,2.704,0.000,1.07,3.00,0.266,0.950,0,7,"pushcart;pushcart;pushcart;pedestrian;pedestrian;pedestrian;pedestrian",146,""
734,734,4,"Dense Market Squeeze",SAFE_STOP,,139,2.298,0.000,1.49,4.63,0.143,0.950,0,7,"pushcart;pushcart;pushcart;pedestrian;pedestrian;pedestrian;pedestrian",352,""
735,735,4,"Dense Market Squeeze",SAFE_STOP,,114,1.314,0.000,1.96,7.74,0.351,0.950,0,7,"pushcart;pushcart;pushcart;pedestrian;pedestrian;pedestrian;pedestrian",284,""
736,736,4,"Dense Market Squeeze",SAFE_STOP,,80,3.920,0.000,1.14,4.45,0.191,0.950,0,7,"pushcart;pushcart;pushcart;pedestrian;pedestrian;pedestrian;pedestrian",203,""
737,737,4,"Dense Market Squeeze",SAFE_STOP,,46,2.232,0.000,1.37,11.06,0.353,0.950,0,7,"pushcart;pushcart;pushcart;pedestrian;pedestrian;pedestrian;pedestrian",110,""
738,738,4,"Dense Market Squeeze",SAFE_STOP,,57,1.544,0.000,1.10,5.71,0.287,0.950,0,7,"pushcart;pushcart;pushcart;pedestrian;pedestrian;pedestrian;pedestrian",135,""
739,739,4,"Dense Market Squeeze",SAFE_STOP,,30,1.212,0.000,0.87,4.11,0.363,0.950,0,7,"pushcart;pushcart;pushcart;pedestrian;pedestrian;pedestrian;pedestrian",107,""
740,740,4,"Dense Market Squeeze",SAFE_STOP,,54,1.031,0.000,0.89,6.61,0.160,0.950,0,7,"pushcart;pushcart;pushcart;pedestrian;pedestrian;pedestrian;pedestrian",242,""
741,741,4,"Dense Market Squeeze",SAFE_STOP,,56,2.388,0.000,2.30,5.58,0.287,0.950,0,7,"pushcart;pushcart;pushcart;pedestrian;pedestrian;pedestrian;pedestrian",135,""
742,742,4,"Dense Market Squeeze",SAFE_STOP,,105,3.381,0.000,1.58,11.39,0.125,0.950,0,7,"pushcart;pushcart;pushcart;pedestrian;pedestrian;pedestrian;pedestrian",310,""
743,743,4,"Dense Market Squeeze",SAFE_STOP,,96,3.118,0.000,1.25,11.02,0.202,0.950,0,7,"pushcart;pushcart;pushcart;pedestrian;pedestrian;pedestrian;pedestrian",239,""
744,744,4,"Dense Market Squeeze",SAFE_STOP,,40,1.584,0.000,2.64,6.02,0.417,0.950,0,7,"pushcart;pushcart;pushcart;pedestrian;pedestrian;pedestrian;pedestrian",93,""
745,745,4,"Dense Market Squeeze",SAFE_STOP,,97,1.242,0.000,2.11,6.29,0.239,8.000,0,7,"pushcart;pushcart;pushcart;pedestrian;pedestrian;pedestrian;pedestrian",242,""
746,746,4,"Dense Market Squeeze",SUCCESS,45.10,135,8.332,0.490,1.00,5.76,1.310,8.000,0,7,"pushcart;pushcart;pushcart;pedestrian;pedestrian;pedestrian;pedestrian",451,""
747,747,4,"Dense Market Squeeze",SAFE_STOP,,59,1.845,0.000,1.53,12.65,0.273,0.950,0,7,"pushcart;pushcart;pushcart;pedestrian;pedestrian;pedestrian;pedestrian",142,""
748,748,4,"Dense Market Squeeze",SAFE_STOP,,67,2.265,0.000,1.03,5.03,0.241,0.950,0,7,"pushcart;pushcart;pushcart;pedestrian;pedestrian;pedestrian;pedestrian",161,""
749,749,4,"Dense Market Squeeze",SAFE_STOP,,70,4.024,0.000,2.65,15.22,0.233,0.950,0,7,"pushcart;pushcart;pushcart;pedestrian;pedestrian;pedestrian;pedestrian",175,""
750,750,4,"Dense Market Squeeze",SAFE_STOP,,74,2.552,0.000,1.20,7.77,0.217,0.950,0,7,"pushcart;pushcart;pushcart;pedestrian;pedestrian;pedestrian;pedestrian",179,""
751,751,4,"Dense Market Squeeze",TIMEOUT,,192,11.885,0.478,0.76,4.81,1.065,8.000,0,7,"pushcart;pushcart;pushcart;pedestrian;pedestrian;pedestrian;pedestrian",500,""
752,752,4,"Dense Market Squeeze",SAFE_STOP,,73,3.942,0.000,1.18,4.31,0.195,0.950,0,7,"pushcart;pushcart;pushcart;pedestrian;pedestrian;pedestrian;pedestrian",199,""
753,753,4,"Dense Market Squeeze",SAFE_STOP,,142,1.766,0.016,1.31,5.36,0.151,0.950,0,7,"pushcart;pushcart;pushcart;pedestrian;pedestrian;pedestrian;pedestrian",361,""
754,754,4,"Dense Market Squeeze",SAFE_STOP,,84,2.380,0.000,0.72,4.58,0.145,0.950,0,7,"pushcart;pushcart;pushcart;pedestrian;pedestrian;pedestrian;pedestrian",281,""
755,755,4,"Dense Market Squeeze",SAFE_STOP,,38,1.797,0.000,0.63,2.02,0.286,0.950,0,7,"pushcart;pushcart;pushcart;pedestrian;pedestrian;pedestrian;pedestrian",149,""
756,756,4,"Dense Market Squeeze",SAFE_STOP,,51,1.307,0.000,1.14,3.89,0.334,0.950,0,7,"pushcart;pushcart;pushcart;pedestrian;pedestrian;pedestrian;pedestrian",116,""
757,757,4,"Dense Market Squeeze",SAFE_STOP,,47,1.360,0.000,1.36,13.33,0.375,0.950,0,7,"pushcart;pushcart;pushcart;pedestrian;pedestrian;pedestrian;pedestrian",149,""
758,758,4,"Dense Market Squeeze",SAFE_STOP,,64,1.909,0.000,2.41,10.12,0.247,0.950,0,7,"pushcart;pushcart;pushcart;pedestrian;pedestrian;pedestrian;pedestrian",157,""
759,759,4,"Dense Market Squeeze",SAFE_STOP,,57,2.065,0.000,1.23,6.39,0.283,0.950,0,7,"pushcart;pushcart;pushcart;pedestrian;pedestrian;pedestrian;pedestrian",137,""
760,760,4,"Dense Market Squeeze",SAFE_STOP,,48,3.129,0.000,1.27,4.43,0.332,0.950,0,7,"pushcart;pushcart;pushcart;pedestrian;pedestrian;pedestrian;pedestrian",117,""
761,761,4,"Dense Market Squeeze",SAFE_STOP,,45,2.675,0.000,1.53,3.32,0.275,0.950,0,7,"pushcart;pushcart;pushcart;pedestrian;pedestrian;pedestrian;pedestrian",141,""
762,762,4,"Dense Market Squeeze",SAFE_STOP,,51,2.961,0.000,1.05,2.98,0.163,0.950,0,7,"pushcart;pushcart;pushcart;pedestrian;pedestrian;pedestrian;pedestrian",238,""
763,763,4,"Dense Market Squeeze",TIMEOUT,,192,12.406,0.177,0.92,3.37,0.940,8.000,0,7,"pushcart;pushcart;pushcart;pedestrian;pedestrian;pedestrian;pedestrian",500,""
764,764,4,"Dense Market Squeeze",SAFE_STOP,,41,1.250,0.000,0.95,5.42,0.326,0.950,0,7,"pushcart;pushcart;pushcart;pedestrian;pedestrian;pedestrian;pedestrian",119,""
765,765,4,"Dense Market Squeeze",SAFE_STOP,,52,0.990,0.000,1.34,4.63,0.321,0.950,0,7,"pushcart;pushcart;pushcart;pedestrian;pedestrian;pedestrian;pedestrian",121,""
766,766,4,"Dense Market Squeeze",SAFE_STOP,,53,3.637,0.000,0.99,7.40,0.190,0.950,0,7,"pushcart;pushcart;pushcart;pedestrian;pedestrian;pedestrian;pedestrian",204,""
767,767,4,"Dense Market Squeeze",SAFE_STOP,,42,2.209,0.000,1.00,7.63,0.377,0.950,0,7,"pushcart;pushcart;pushcart;pedestrian;pedestrian;pedestrian;pedestrian",103,""
768,768,4,"Dense Market Squeeze",SAFE_STOP,,54,1.167,0.000,1.82,11.03,0.296,0.950,0,7,"pushcart;pushcart;pushcart;pedestrian;pedestrian;pedestrian;pedestrian",131,""
769,769,4,"Dense Market Squeeze",SAFE_STOP,,65,3.170,0.000,2.28,6.60,0.240,0.950,0,7,"pushcart;pushcart;pushcart;pedestrian;pedestrian;pedestrian;pedestrian",162,""
770,770,4,"Dense Market Squeeze",SAFE_STOP,,132,2.747,0.046,1.25,4.48,0.207,0.950,0,7,"pushcart;pushcart;pushcart;pedestrian;pedestrian;pedestrian;pedestrian",335,""
771,771,4,"Dense Market Squeeze",SAFE_STOP,,69,2.609,0.000,0.79,4.57,0.118,0.950,0,7,"pushcart;pushcart;pushcart;pedestrian;pedestrian;pedestrian;pedestrian",330,""
772,772,4,"Dense Market Squeeze",SAFE_STOP,,49,2.098,0.000,2.89,11.06,0.329,0.950,0,7,"pushcart;pushcart;pushcart;pedestrian;pedestrian;pedestrian;pedestrian",118,""
773,773,4,"Dense Market Squeeze",SAFE_STOP,,44,2.821,0.000,0.72,2.69,0.193,0.950,0,7,"pushcart;pushcart;pushcart;pedestrian;pedestrian;pedestrian;pedestrian",211,""
774,774,4,"Dense Market Squeeze",SAFE_STOP,,40,4.188,0.000,1.01,9.47,0.202,0.950,0,7,"pushcart;pushcart;pushcart;pedestrian;pedestrian;pedestrian;pedestrian",192,""
775,775,4,"Dense Market Squeeze",SAFE_STOP,,59,2.152,0.000,1.16,4.07,0.273,0.950,0,7,"pushcart;pushcart;pushcart;pedestrian;pedestrian;pedestrian;pedestrian",142,""
776,776,4,"Dense Market Squeeze",SAFE_STOP,,37,1.163,0.000,0.88,2.17,0.343,0.950,0,7,"pushcart;pushcart;pushcart;pedestrian;pedestrian;pedestrian;pedestrian",113,""
777,777,4,"Dense Market Squeeze",SAFE_STOP,,98,2.423,0.000,1.64,6.39,0.155,0.950,0,7,"pushcart;pushcart;pushcart;pedestrian;pedestrian;pedestrian;pedestrian",250,""
778,778,4,"Dense Market Squeeze",SAFE_STOP,,116,1.265,0.042,1.29,3.94,0.642,1.034,0,7,"pushcart;pushcart;pushcart;pedestrian;pedestrian;pedestrian;pedestrian",294,""
779,779,4,"Dense Market Squeeze",SAFE_STOP,,150,3.869,0.000,1.59,9.01,0.296,0.950,0,7,"pushcart;pushcart;pushcart;pedestrian;pedestrian;pedestrian;pedestrian",426,""
780,780,4,"Dense Market Squeeze",SAFE_STOP,,71,1.831,0.000,2.75,15.70,0.211,0.950,0,7,"pushcart;pushcart;pushcart;pedestrian;pedestrian;pedestrian;pedestrian",193,""
781,781,4,"Dense Market Squeeze",SAFE_STOP,,57,2.444,0.000,2.36,7.68,0.279,0.950,0,7,"pushcart;pushcart;pushcart;pedestrian;pedestrian;pedestrian;pedestrian",139,""
782,782,4,"Dense Market Squeeze",SAFE_STOP,,56,1.567,0.000,2.19,11.92,0.290,0.950,0,7,"pushcart;pushcart;pushcart;pedestrian;pedestrian;pedestrian;pedestrian",134,""
783,783,4,"Dense Market Squeeze",SAFE_STOP,,25,2.114,0.000,0.83,2.16,0.380,0.950,0,7,"pushcart;pushcart;pushcart;pedestrian;pedestrian;pedestrian;pedestrian",102,""
784,784,4,"Dense Market Squeeze",DEADLOCK,,72,1.791,0.671,1.42,4.96,0.861,8.000,0,7,"pushcart;pushcart;pushcart;pedestrian;pedestrian;pedestrian;pedestrian",261,""
785,785,4,"Dense Market Squeeze",SAFE_STOP,,46,2.238,0.000,5.04,14.59,0.340,0.950,0,7,"pushcart;pushcart;pushcart;pedestrian;pedestrian;pedestrian;pedestrian",114,""
786,786,4,"Dense Market Squeeze",DEADLOCK,,93,1.867,0.587,2.00,4.93,0.771,8.000,0,7,"pushcart;pushcart;pushcart;pedestrian;pedestrian;pedestrian;pedestrian",287,""
787,787,4,"Dense Market Squeeze",SAFE_STOP,,108,1.871,0.007,1.34,4.25,0.150,0.950,0,7,"pushcart;pushcart;pushcart;pedestrian;pedestrian;pedestrian;pedestrian",379,""
788,788,4,"Dense Market Squeeze",SAFE_STOP,,44,2.677,0.000,1.07,14.41,0.257,0.950,0,7,"pushcart;pushcart;pushcart;pedestrian;pedestrian;pedestrian;pedestrian",151,""
789,789,4,"Dense Market Squeeze",SAFE_STOP,,150,3.749,0.036,1.82,5.55,0.483,0.950,0,7,"pushcart;pushcart;pushcart;pedestrian;pedestrian;pedestrian;pedestrian",384,""
790,790,4,"Dense Market Squeeze",SAFE_STOP,,62,2.220,0.000,1.77,5.10,0.257,0.950,0,7,"pushcart;pushcart;pushcart;pedestrian;pedestrian;pedestrian;pedestrian",151,""
791,791,4,"Dense Market Squeeze",SAFE_STOP,,51,2.959,0.000,0.74,4.52,0.294,0.950,0,7,"pushcart;pushcart;pushcart;pedestrian;pedestrian;pedestrian;pedestrian",132,""
792,792,4,"Dense Market Squeeze",TIMEOUT,,171,11.747,0.826,2.08,5.93,0.702,8.000,0,7,"pushcart;pushcart;pushcart;pedestrian;pedestrian;pedestrian;pedestrian",500,""
793,793,4,"Dense Market Squeeze",SAFE_STOP,,61,2.207,0.000,2.17,8.11,0.292,0.950,0,7,"pushcart;pushcart;pushcart;pedestrian;pedestrian;pedestrian;pedestrian",146,""
794,794,4,"Dense Market Squeeze",SUCCESS,43.70,138,7.667,0.519,1.21,4.11,0.407,8.000,0,7,"pushcart;pushcart;pushcart;pedestrian;pedestrian;pedestrian;pedestrian",437,""
795,795,4,"Dense Market Squeeze",SAFE_STOP,,152,2.660,0.000,1.62,7.04,0.135,0.950,0,7,"pushcart;pushcart;pushcart;pedestrian;pedestrian;pedestrian;pedestrian",387,""
796,796,4,"Dense Market Squeeze",SAFE_STOP,,124,2.826,0.000,2.28,6.83,0.128,0.950,0,7,"pushcart;pushcart;pushcart;pedestrian;pedestrian;pedestrian;pedestrian",317,""
797,797,4,"Dense Market Squeeze",SAFE_STOP,,47,1.370,0.000,1.43,4.41,0.353,0.950,0,7,"pushcart;pushcart;pushcart;pedestrian;pedestrian;pedestrian;pedestrian",110,""
798,798,4,"Dense Market Squeeze",SAFE_STOP,,50,1.061,0.000,2.05,15.07,0.332,0.950,0,7,"pushcart;pushcart;pushcart;pedestrian;pedestrian;pedestrian;pedestrian",117,""
799,799,4,"Dense Market Squeeze",SAFE_STOP,,92,1.199,0.000,1.58,10.73,0.182,0.950,0,7,"pushcart;pushcart;pushcart;pedestrian;pedestrian;pedestrian;pedestrian",213,""
800,800,4,"Dense Market Squeeze",SAFE_STOP,,67,3.476,0.000,1.95,8.76,0.255,0.950,0,7,"pushcart;pushcart;pushcart;pedestrian;pedestrian;pedestrian;pedestrian",167,""
801,801,5,"Sudden Cattle Crossing",SAFE_STOP,,18,10.342,0.000,2.16,12.65,0.772,8.000,0,1,"cattle",49,""
802,802,5,"Sudden Cattle Crossing",SUCCESS,16.10,33,10.707,1.103,1.90,6.68,0.715,8.000,0,1,"cattle",161,""
803,803,5,"Sudden Cattle Crossing",SUCCESS,16.40,32,7.804,1.145,1.41,5.26,0.912,8.000,0,1,"cattle",164,""
804,804,5,"Sudden Cattle Crossing",SAFE_STOP,,18,8.349,0.000,1.44,5.12,0.789,8.000,0,1,"cattle",49,""
805,805,5,"Sudden Cattle Crossing",SAFE_STOP,,21,6.384,0.000,1.34,4.17,1.548,8.000,0,1,"cattle",49,""
806,806,5,"Sudden Cattle Crossing",SAFE_STOP,,20,7.935,0.000,1.57,8.04,1.688,8.000,0,1,"cattle",50,""
807,807,5,"Sudden Cattle Crossing",SUCCESS,15.60,27,12.358,2.062,1.61,10.86,0.911,8.000,0,1,"cattle",156,""
808,808,5,"Sudden Cattle Crossing",SUCCESS,18.90,42,10.929,1.515,1.39,8.20,0.742,8.000,0,1,"cattle",189,""
809,809,5,"Sudden Cattle Crossing",SAFE_STOP,,21,7.412,0.000,1.37,5.23,1.499,8.000,0,1,"cattle",49,""
810,810,5,"Sudden Cattle Crossing",SUCCESS,16.00,33,6.602,1.179,1.54,5.41,0.913,8.000,0,1,"cattle",160,""
811,811,5,"Sudden Cattle Crossing",SUCCESS,15.90,30,11.238,1.170,2.22,15.17,0.735,8.000,0,1,"cattle",159,""
812,812,5,"Sudden Cattle Crossing",SAFE_STOP,,19,10.452,0.000,2.27,8.97,0.782,8.000,0,1,"cattle",49,""
813,813,5,"Sudden Cattle Crossing",SUCCESS,18.40,38,9.675,1.126,1.56,5.28,0.780,8.000,0,1,"cattle",184,""
814,814,5,"Sudden Cattle Crossing",SUCCESS,16.00,31,7.896,1.129,2.20,7.63,0.926,8.000,0,1,"cattle",160,""
815,815,5,"Sudden Cattle Crossing",SUCCESS,18.00,41,10.174,1.211,1.25,5.64,0.749,8.000,0,1,"cattle",180,""
816,816,5,"Sudden Cattle Crossing",SUCCESS,16.10,30,8.574,2.255,1.67,6.12,0.725,8.000,0,1,"cattle",161,""
817,817,5,"Sudden Cattle Crossing",SAFE_STOP,,24,10.156,0.000,1.34,4.81,0.794,8.000,0,1,"cattle",51,""
818,818,5,"Sudden Cattle Crossing",SUCCESS,16.00,30,12.327,1.043,1.74,8.22,0.861,8.000,0,1,"cattle",160,""
819,819,5,"Sudden Cattle Crossing",SAFE_STOP,,20,7.903,0.000,1.98,6.77,1.561,8.000,0,1,"cattle",49,""
820,820,5,"Sudden Cattle Crossing",SAFE_STOP,,21,7.232,0.000,1.70,4.80,1.552,8.000,0,1,"cattle",49,""
821,821,5,"Sudden Cattle Crossing",SUCCESS,16.30,31,10.984,2.242,1.50,6.54,0.706,8.000,0,1,"cattle",163,""
822,822,5,"Sudden Cattle Crossing",SUCCESS,15.80,28,8.342,2.202,1.46,5.39,0.804,8.000,0,1,"cattle",158,""
823,823,5,"Sudden Cattle Crossing",SUCCESS,15.80,28,7.295,1.191,1.54,4.86,0.959,8.000,0,1,"cattle",158,""
824,824,5,"Sudden Cattle Crossing",SUCCESS,16.30,30,9.705,1.822,1.53,7.27,0.770,8.000,0,1,"cattle",163,""
825,825,5,"Sudden Cattle Crossing",SUCCESS,12.70,25,6.666,1.456,1.49,4.75,0.922,8.000,0,1,"cattle",127,""
826,826,5,"Sudden Cattle Crossing",SUCCESS,16.80,33,12.130,1.451,1.30,5.38,0.876,8.000,0,1,"cattle",168,""
827,827,5,"Sudden Cattle Crossing",SUCCESS,16.40,31,8.753,1.952,1.76,7.71,0.712,8.000,0,1,"cattle",164,""
828,828,5,"Sudden Cattle Crossing",SAFE_STOP,,22,11.278,0.000,1.29,5.77,0.775,8.000,0,1,"cattle",51,""
829,829,5,"Sudden Cattle Crossing",SAFE_STOP,,19,7.302,0.000,1.09,4.16,1.650,8.000,0,1,"cattle",50,""
830,830,5,"Sudden Cattle Crossing",SUCCESS,16.60,34,10.688,1.722,1.53,5.63,0.694,8.000,0,1,"cattle",166,""
831,831,5,"Sudden Cattle Crossing",SUCCESS,16.50,29,12.149,1.362,1.32,6.63,0.869,8.000,0,1,"cattle",165,""
832,832,5,"Sudden Cattle Crossing",SUCCESS,16.30,31,12.151,1.119,1.75,6.38,0.862,8.000,0,1,"cattle",163,""
833,833,5,"Sudden Cattle Crossing",SUCCESS,16.30,30,12.252,1.103,1.43,6.13,0.805,8.000,0,1,"cattle",163,""
834,834,5,"Sudden Cattle Crossing",SUCCESS,16.80,35,11.258,1.969,1.75,6.81,0.697,8.000,0,1,"cattle",168,""
835,835,5,"Sudden Cattle Crossing",SAFE_STOP,,19,7.091,0.000,1.26,5.78,1.650,8.000,0,1,"cattle",50,""
836,836,5,"Sudden Cattle Crossing",SUCCESS,16.80,33,10.552,1.490,1.81,14.58,0.811,8.000,0,1,"cattle",168,""
837,837,5,"Sudden Cattle Crossing",SUCCESS,17.00,33,11.989,1.247,1.53,6.37,0.824,8.000,0,1,"cattle",170,""
838,838,5,"Sudden Cattle Crossing",SUCCESS,16.10,33,12.154,1.366,1.73,8.05,0.715,8.000,0,1,"cattle",161,""
839,839,5,"Sudden Cattle Crossing",SUCCESS,16.10,32,12.192,1.366,1.85,7.34,0.715,8.000,0,1,"cattle",161,""
840,840,5,"Sudden Cattle Crossing",SUCCESS,16.40,32,9.244,2.231,1.79,7.85,0.712,8.000,0,1,"cattle",164,""
841,841,5,"Sudden Cattle Crossing",SUCCESS,16.10,33,10.044,1.151,1.47,6.94,0.715,8.000,0,1,"cattle",161,""
842,842,5,"Sudden Cattle Crossing",SUCCESS,16.00,30,11.666,1.125,3.02,42.49,0.721,8.000,0,1,"cattle",160,""
843,843,5,"Sudden Cattle Crossing",SUCCESS,15.90,28,9.624,2.175,1.41,5.92,0.724,8.000,0,1,"cattle",159,""
844,844,5,"Sudden Cattle Crossing",SAFE_STOP,,20,12.287,0.000,1.16,6.04,0.775,8.000,0,1,"cattle",51,""
845,845,5,"Sudden Cattle Crossing",SAFE_STOP,,19,9.058,0.000,1.28,5.18,0.775,8.000,0,1,"cattle",51,""
846,846,5,"Sudden Cattle Crossing",SUCCESS,16.30,30,7.402,1.793,1.25,5.77,0.978,8.000,0,1,"cattle",163,""
847,847,5,"Sudden Cattle Crossing",SUCCESS,18.20,37,10.211,0.959,1.77,6.11,0.779,8.000,0,1,"cattle",182,""
848,848,5,"Sudden Cattle Crossing",SUCCESS,16.00,30,10.074,2.306,2.05,11.40,0.731,8.000,0,1,"cattle",160,""
849,849,5,"Sudden Cattle Crossing",SUCCESS,17.10,34,11.642,0.994,1.28,5.89,0.831,8.000,0,1,"cattle",171,""
850,850,5,"Sudden Cattle Crossing",SUCCESS,16.60,28,12.172,2.182,1.52,10.24,0.858,8.000,0,1,"cattle",166,""
851,851,5,"Sudden Cattle Crossing",SAFE_STOP,,21,8.513,0.000,1.39,4.89,0.806,8.000,0,1,"cattle",51,""
852,852,5,"Sudden Cattle Crossing",SAFE_STOP,,21,8.763,0.000,1.93,7.72,0.775,8.000,0,1,"cattle",51,""
853,853,5,"Sudden Cattle Crossing",SUCCESS,16.00,29,9.457,2.191,1.65,8.57,0.733,8.000,0,1,"cattle",160,""
854,854,5,"Sudden Cattle Crossing",SAFE_STOP,,21,10.753,0.000,1.79,6.55,0.796,8.000,0,1,"cattle",52,""
855,855,5,"Sudden Cattle Crossing",SUCCESS,16.80,32,8.179,1.150,1.44,5.55,0.838,8.000,0,1,"cattle",168,""
856,856,5,"Sudden Cattle Crossing",SUCCESS,15.90,31,9.378,1.151,1.61,6.51,0.737,8.000,0,1,"cattle",159,""
857,857,5,"Sudden Cattle Crossing",SAFE_STOP,,22,8.341,0.000,1.64,5.20,0.971,8.000,0,1,"cattle",49,""
858,858,5,"Sudden Cattle Crossing",SAFE_STOP,,24,10.102,0.000,1.01,5.12,0.819,8.000,0,1,"cattle",52,""
859,859,5,"Sudden Cattle Crossing",SUCCESS,15.90,29,7.800,1.817,1.58,5.42,0.953,8.000,0,1,"cattle",159,""
860,860,5,"Sudden Cattle Crossing",SUCCESS,16.00,32,9.430,1.139,1.89,9.93,0.731,8.000,0,1,"cattle",160,""
861,861,5,"Sudden Cattle Crossing",SAFE_STOP,,21,12.462,0.000,1.84,7.23,0.776,8.000,0,1,"cattle",49,""
862,862,5,"Sudden Cattle Crossing",SUCCESS,16.00,29,12.224,0.930,1.94,9.49,0.902,8.000,0,1,"cattle",160,""
863,863,5,"Sudden Cattle Crossing",SAFE_STOP,,28,12.450,4.926,1.71,6.84,0.363,8.000,0,1,"cattle",500,""
864,864,5,"Sudden Cattle Crossing",SAFE_STOP,,19,11.829,0.000,2.07,7.99,0.775,8.000,0,1,"cattle",51,""
865,865,5,"Sudden Cattle Crossing",SUCCESS,16.80,34,7.870,1.209,1.41,4.47,0.915,8.000,0,1,"cattle",168,""
866,866,5,"Sudden Cattle Crossing",SAFE_STOP,,19,9.929,0.000,1.53,5.44,0.823,8.000,0,1,"cattle",52,""
867,867,5,"Sudden Cattle Crossing",SUCCESS,16.80,33,8.109,2.170,1.52,5.53,0.816,8.000,0,1,"cattle",168,""
868,868,5,"Sudden Cattle Crossing",SAFE_STOP,,25,8.374,0.000,1.21,5.08,0.700,8.000,0,1,"cattle",51,""
869,869,5,"Sudden Cattle Crossing",SAFE_STOP,,19,8.179,0.000,1.40,4.60,1.061,8.000,0,1,"cattle",49,""
870,870,5,"Sudden Cattle Crossing",SAFE_STOP,,20,10.605,0.000,1.96,8.50,0.775,8.000,0,1,"cattle",51,""
871,871,5,"Sudden Cattle Crossing",SUCCESS,16.10,31,11.439,2.104,1.56,8.73,0.736,8.000,0,1,"cattle",161,""
872,872,5,"Sudden Cattle Crossing",SAFE_STOP,,17,9.140,0.000,2.02,5.90,0.787,8.000,0,1,"cattle",49,""
873,873,5,"Sudden Cattle Crossing",SAFE_STOP,,21,8.357,0.000,1.86,6.09,0.804,8.000,0,1,"cattle",51,""
874,874,5,"Sudden Cattle Crossing",SUCCESS,15.40,25,12.194,1.718,2.38,24.42,0.935,8.000,0,1,"cattle",154,""
875,875,5,"Sudden Cattle Crossing",SUCCESS,16.00,30,10.694,2.152,1.57,7.28,0.732,8.000,0,1,"cattle",160,""
876,876,5,"Sudden Cattle Crossing",SAFE_STOP,,21,12.254,0.000,1.22,4.59,0.780,8.000,0,1,"cattle",51,""
877,877,5,"Sudden Cattle Crossing",SAFE_STOP,,21,7.509,0.000,2.14,8.05,1.498,8.000,0,1,"cattle",50,""
878,878,5,"Sudden Cattle Crossing",SAFE_STOP,,20,7.751,0.000,1.45,4.34,1.587,8.000,0,1,"cattle",49,""
879,879,5,"Sudden Cattle Crossing",SAFE_STOP,,22,9.300,0.000,1.65,7.50,0.823,8.000,0,1,"cattle",52,""
880,880,5,"Sudden Cattle Crossing",SAFE_STOP,,19,6.769,0.000,1.65,6.30,1.574,8.000,0,1,"cattle",50,""
881,881,5,"Sudden Cattle Crossing",SAFE_STOP,,23,9.894,0.000,1.64,6.83,0.776,8.000,0,1,"cattle",49,""
882,882,5,"Sudden Cattle Crossing",SAFE_STOP,,17,11.560,0.000,1.74,6.74,0.780,8.000,0,1,"cattle",49,""
883,883,5,"Sudden Cattle Crossing",SAFE_STOP,,24,7.469,4.024,1.49,3.86,0.440,8.000,0,1,"cattle",500,""
884,884,5,"Sudden Cattle Crossing",SUCCESS,15.70,29,11.300,1.155,1.59,8.13,0.733,8.000,0,1,"cattle",157,""
885,885,5,"Sudden Cattle Crossing",SAFE_STOP,,20,7.516,0.000,1.72,7.85,1.612,8.000,0,1,"cattle",50,""
886,886,5,"Sudden Cattle Crossing",SAFE_STOP,,21,6.585,0.000,1.56,4.67,1.580,8.000,0,1,"cattle",51,""
887,887,5,"Sudden Cattle Crossing",SUCCESS,16.80,35,7.308,2.199,1.49,5.62,0.938,8.000,0,1,"cattle",168,""
888,888,5,"Sudden Cattle Crossing",SUCCESS,16.90,34,12.242,1.540,1.41,5.78,0.808,8.000,0,1,"cattle",169,""
889,889,5,"Sudden Cattle Crossing",SUCCESS,16.40,32,9.975,1.607,1.38,6.59,0.705,8.000,0,1,"cattle",164,""
890,890,5,"Sudden Cattle Crossing",SUCCESS,16.80,36,12.071,1.971,1.38,6.36,0.685,8.000,0,1,"cattle",168,""
891,891,5,"Sudden Cattle Crossing",SAFE_STOP,,21,10.471,0.000,1.26,4.55,0.775,8.000,0,1,"cattle",51,""
892,892,5,"Sudden Cattle Crossing",SUCCESS,15.80,29,12.322,1.105,1.61,6.73,0.832,8.000,0,1,"cattle",158,""
893,893,5,"Sudden Cattle Crossing",SUCCESS,15.60,30,12.290,1.150,1.91,7.62,0.873,8.000,0,1,"cattle",156,""
894,894,5,"Sudden Cattle Crossing",SUCCESS,17.70,38,10.390,1.083,1.66,7.12,0.797,8.000,0,1,"cattle",177,""
895,895,5,"Sudden Cattle Crossing",SAFE_STOP,,20,11.728,0.000,2.61,9.77,0.775,8.000,0,1,"cattle",51,""
896,896,5,"Sudden Cattle Crossing",SAFE_STOP,,22,9.880,0.000,1.98,7.38,0.953,8.000,0,1,"cattle",51,""
897,897,5,"Sudden Cattle Crossing",SUCCESS,16.40,31,8.421,1.183,1.62,5.45,0.702,8.000,0,1,"cattle",164,""
898,898,5,"Sudden Cattle Crossing",SAFE_STOP,,22,12.230,0.000,2.08,9.71,0.790,8.000,0,1,"cattle",51,""
899,899,5,"Sudden Cattle Crossing",SUCCESS,16.40,30,10.215,1.658,1.40,9.04,0.702,8.000,0,1,"cattle",164,""
900,900,5,"Sudden Cattle Crossing",SAFE_STOP,,18,9.672,0.000,1.99,7.73,0.815,8.000,0,1,"cattle",49,""
901,901,5,"Sudden Cattle Crossing",SUCCESS,14.90,30,6.776,1.408,1.23,3.72,0.882,8.000,0,1,"cattle",149,""
902,902,5,"Sudden Cattle Crossing",SUCCESS,16.00,30,6.983,1.744,1.32,5.97,0.948,8.000,0,1,"cattle",160,""
903,903,5,"Sudden Cattle Crossing",SAFE_STOP,,23,11.680,0.000,1.76,7.31,0.806,8.000,0,1,"cattle",52,""
904,904,5,"Sudden Cattle Crossing",SUCCESS,16.10,33,8.577,1.035,1.30,4.66,0.715,8.000,0,1,"cattle",161,""
905,905,5,"Sudden Cattle Crossing",SUCCESS,15.90,28,7.221,1.156,1.33,4.69,0.943,8.000,0,1,"cattle",159,""
906,906,5,"Sudden Cattle Crossing",SUCCESS,16.20,33,11.666,1.574,1.37,6.39,0.711,8.000,0,1,"cattle",162,""
907,907,5,"Sudden Cattle Crossing",SUCCESS,16.70,33,7.417,2.183,1.40,4.39,0.956,8.000,0,1,"cattle",167,""
908,908,5,"Sudden Cattle Crossing",SUCCESS,16.40,32,8.852,1.163,1.35,5.43,0.703,8.000,0,1,"cattle",164,""
909,909,5,"Sudden Cattle Crossing",SAFE_STOP,,20,10.052,0.000,1.65,6.27,0.786,8.000,0,1,"cattle",51,""
910,910,5,"Sudden Cattle Crossing",SAFE_STOP,,21,8.020,0.000,1.62,4.43,0.714,8.000,0,1,"cattle",50,""
911,911,5,"Sudden Cattle Crossing",SAFE_STOP,,26,7.250,3.843,1.22,4.07,0.427,8.000,0,1,"cattle",500,""
912,912,5,"Sudden Cattle Crossing",SUCCESS,16.70,31,11.790,1.958,1.41,7.27,0.710,8.000,0,1,"cattle",167,""
913,913,5,"Sudden Cattle Crossing",SUCCESS,15.90,30,12.141,1.092,1.54,6.60,0.857,8.000,0,1,"cattle",159,""
914,914,5,"Sudden Cattle Crossing",SAFE_STOP,,20,8.845,0.000,1.46,5.31,0.786,8.000,0,1,"cattle",51,""
915,915,5,"Sudden Cattle Crossing",SUCCESS,18.30,38,9.986,1.020,1.30,7.41,0.773,8.000,0,1,"cattle",183,""
916,916,5,"Sudden Cattle Crossing",SUCCESS,15.40,30,12.424,1.105,1.94,17.78,0.865,8.000,0,1,"cattle",154,""
917,917,5,"Sudden Cattle Crossing",SAFE_STOP,,18,7.700,0.000,1.64,6.00,1.595,8.000,0,1,"cattle",49,""
918,918,5,"Sudden Cattle Crossing",SUCCESS,13.40,25,9.328,1.650,1.77,6.85,0.916,8.000,0,1,"cattle",134,""
919,919,5,"Sudden Cattle Crossing",SAFE_STOP,,20,9.625,0.000,1.56,5.63,0.787,8.000,0,1,"cattle",49,""
920,920,5,"Sudden Cattle Crossing",SUCCESS,16.90,33,11.396,1.396,1.45,5.04,0.695,8.000,0,1,"cattle",169,""
921,921,5,"Sudden Cattle Crossing",SAFE_STOP,,30,12.220,0.165,1.14,3.14,0.800,8.000,0,1,"cattle",77,""
922,922,5,"Sudden Cattle Crossing",SUCCESS,15.90,29,9.541,2.175,1.57,7.23,0.724,8.000,0,1,"cattle",159,""
923,923,5,"Sudden Cattle Crossing",SAFE_STOP,,21,11.070,0.000,1.45,4.41,0.804,8.000,0,1,"cattle",51,""
924,924,5,"Sudden Cattle Crossing",SUCCESS,16.10,32,10.028,1.212,1.68,5.67,0.705,8.000,0,1,"cattle",161,""
925,925,5,"Sudden Cattle Crossing",SUCCESS,15.80,25,12.669,1.252,1.58,12.49,1.027,8.000,0,1,"cattle",158,""
926,926,5,"Sudden Cattle Crossing",SUCCESS,16.40,31,10.364,1.144,1.48,6.28,0.715,8.000,0,1,"cattle",164,""
927,927,5,"Sudden Cattle Crossing",SUCCESS,16.80,32,12.016,2.278,1.52,6.73,0.697,8.000,0,1,"cattle",168,""
928,928,5,"Sudden Cattle Crossing",SAFE_STOP,,23,10.980,0.000,1.45,6.32,0.808,8.000,0,1,"cattle",52,""
929,929,5,"Sudden Cattle Crossing",SUCCESS,15.70,28,11.165,2.300,1.34,7.09,0.733,8.000,0,1,"cattle",157,""
930,930,5,"Sudden Cattle Crossing",SUCCESS,16.30,34,11.710,1.647,1.39,6.16,0.729,8.000,0,1,"cattle",163,""
931,931,5,"Sudden Cattle Crossing",SAFE_STOP,,26,11.767,0.212,1.58,8.57,1.139,8.000,0,1,"cattle",72,""
932,932,5,"Sudden Cattle Crossing",SUCCESS,15.90,30,10.374,1.792,1.38,7.84,0.733,8.000,0,1,"cattle",159,""
933,933,5,"Sudden Cattle Crossing",SUCCESS,16.40,30,12.250,1.544,1.82,9.72,0.844,8.000,0,1,"cattle",164,""
934,934,5,"Sudden Cattle Crossing",SUCCESS,16.00,30,8.065,1.134,1.50,4.94,0.878,8.000,0,1,"cattle",160,""
935,935,5,"Sudden Cattle Crossing",SUCCESS,14.30,28,9.198,1.447,1.77,7.54,0.805,8.000,0,1,"cattle",143,""
936,936,5,"Sudden Cattle Crossing",SUCCESS,16.50,33,12.541,2.029,1.28,7.82,0.698,8.000,0,1,"cattle",165,""
937,937,5,"Sudden Cattle Crossing",SUCCESS,16.00,29,8.333,1.741,1.54,5.42,0.782,8.000,0,1,"cattle",160,""
938,938,5,"Sudden Cattle Crossing",SAFE_STOP,,25,12.500,0.002,1.07,3.49,0.814,8.000,0,1,"cattle",58,""
939,939,5,"Sudden Cattle Crossing",SUCCESS,17.80,36,10.863,1.053,1.37,5.10,0.798,8.000,0,1,"cattle",178,""
940,940,5,"Sudden Cattle Crossing",SAFE_STOP,,20,9.719,0.000,1.41,3.72,0.792,8.000,0,1,"cattle",51,""
941,941,5,"Sudden Cattle Crossing",SUCCESS,15.90,27,12.304,2.151,1.52,7.48,0.856,8.000,0,1,"cattle",159,""
942,942,5,"Sudden Cattle Crossing",SAFE_STOP,,24,11.817,0.004,1.22,4.03,0.852,8.000,0,1,"cattle",62,""
943,943,5,"Sudden Cattle Crossing",SUCCESS,16.40,32,12.424,1.525,1.70,7.43,0.705,8.000,0,1,"cattle",164,""
944,944,5,"Sudden Cattle Crossing",SUCCESS,17.00,37,9.679,1.085,1.29,4.74,0.805,8.000,0,1,"cattle",170,""
945,945,5,"Sudden Cattle Crossing",SAFE_STOP,,19,10.838,0.000,1.47,4.82,0.767,8.000,0,1,"cattle",49,""
946,946,5,"Sudden Cattle Crossing",SUCCESS,17.00,38,9.158,1.414,1.04,3.32,0.795,8.000,0,1,"cattle",170,""
947,947,5,"Sudden Cattle Crossing",SUCCESS,18.60,40,9.313,1.262,1.28,4.12,0.756,8.000,0,1,"cattle",186,""
948,948,5,"Sudden Cattle Crossing",SAFE_STOP,,20,8.374,0.000,1.19,3.71,0.792,8.000,0,1,"cattle",51,""
949,949,5,"Sudden Cattle Crossing",SAFE_STOP,,22,6.274,0.000,1.16,3.28,1.574,8.000,0,1,"cattle",50,""
950,950,5,"Sudden Cattle Crossing",SAFE_STOP,,26,12.353,0.051,1.21,4.91,0.850,8.000,0,1,"cattle",67,""
951,951,5,"Sudden Cattle Crossing",SAFE_STOP,,25,11.558,0.000,1.23,4.45,0.796,8.000,0,1,"cattle",52,""
952,952,5,"Sudden Cattle Crossing",SAFE_STOP,,24,9.330,0.000,1.79,7.01,0.767,8.000,0,1,"cattle",49,""
953,953,5,"Sudden Cattle Crossing",SUCCESS,16.10,30,12.244,1.103,2.13,12.90,0.855,8.000,0,1,"cattle",161,""
954,954,5,"Sudden Cattle Crossing",SUCCESS,16.90,34,6.530,1.736,1.32,7.03,0.945,8.000,0,1,"cattle",169,""
955,955,5,"Sudden Cattle Crossing",SAFE_STOP,,22,9.415,0.000,1.47,4.76,0.775,8.000,0,1,"cattle",51,""
956,956,5,"Sudden Cattle Crossing",SUCCESS,16.80,33,8.035,1.141,1.26,5.18,0.960,8.000,0,1,"cattle",168,""
957,957,5,"Sudden Cattle Crossing",SUCCESS,15.80,24,12.338,2.002,2.88,19.89,1.003,8.000,0,1,"cattle",158,""
958,958,5,"Sudden Cattle Crossing",SAFE_STOP,,19,7.249,0.000,1.03,4.35,1.636,8.000,0,1,"cattle",51,""
959,959,5,"Sudden Cattle Crossing",SAFE_STOP,,19,10.152,0.000,1.33,4.70,0.778,8.000,0,1,"cattle",49,""
960,960,5,"Sudden Cattle Crossing",SUCCESS,15.80,28,12.292,2.065,2.00,13.08,0.862,8.000,0,1,"cattle",158,""
961,961,5,"Sudden Cattle Crossing",SUCCESS,15.90,30,10.205,1.757,1.37,9.47,0.733,8.000,0,1,"cattle",159,""
962,962,5,"Sudden Cattle Crossing",SAFE_STOP,,20,11.651,0.000,1.64,5.92,0.794,8.000,0,1,"cattle",49,""
963,963,5,"Sudden Cattle Crossing",SUCCESS,16.50,31,7.826,2.300,1.28,5.57,0.926,8.000,0,1,"cattle",165,""
964,964,5,"Sudden Cattle Crossing",SUCCESS,16.10,30,10.579,1.827,1.36,6.81,0.727,8.000,0,1,"cattle",161,""
965,965,5,"Sudden Cattle Crossing",SUCCESS,16.10,30,12.404,1.112,1.45,5.63,0.827,8.000,0,1,"cattle",161,""
966,966,5,"Sudden Cattle Crossing",SAFE_STOP,,20,6.807,0.000,1.38,3.13,1.524,8.000,0,1,"cattle",49,""
967,967,5,"Sudden Cattle Crossing",SUCCESS,16.80,34,7.440,1.236,1.11,3.51,0.926,8.000,0,1,"cattle",168,""
968,968,5,"Sudden Cattle Crossing",SAFE_STOP,,19,7.252,0.000,1.42,4.03,1.631,8.000,0,1,"cattle",49,""
969,969,5,"Sudden Cattle Crossing",SAFE_STOP,,21,9.066,0.000,1.19,3.92,0.775,8.000,0,1,"cattle",51,""
970,970,5,"Sudden Cattle Crossing",SUCCESS,15.90,30,12.288,2.840,1.40,9.63,0.850,8.000,0,1,"cattle",159,""
971,971,5,"Sudden Cattle Crossing",SAFE_STOP,,22,11.403,0.000,1.06,4.82,0.788,8.000,0,1,"cattle",49,""
972,972,5,"Sudden Cattle Crossing",SUCCESS,16.90,34,12.092,1.027,1.23,5.22,0.842,8.000,0,1,"cattle",169,""
973,973,5,"Sudden Cattle Crossing",SUCCESS,17.10,33,12.115,1.600,1.09,4.88,0.828,8.000,0,1,"cattle",171,""
974,974,5,"Sudden Cattle Crossing",SAFE_STOP,,19,9.057,0.000,1.27,4.21,0.767,8.000,0,1,"cattle",49,""
975,975,5,"Sudden Cattle Crossing",SAFE_STOP,,20,12.468,0.004,1.67,6.08,0.847,8.000,0,1,"cattle",59,""
976,976,5,"Sudden Cattle Crossing",SUCCESS,15.50,26,12.324,1.771,1.98,14.29,0.907,8.000,0,1,"cattle",155,""
977,977,5,"Sudden Cattle Crossing",SAFE_STOP,,20,7.044,0.000,1.38,4.43,1.636,8.000,0,1,"cattle",51,""
978,978,5,"Sudden Cattle Crossing",SAFE_STOP,,23,12.335,0.000,2.04,8.52,0.806,8.000,0,1,"cattle",52,""
979,979,5,"Sudden Cattle Crossing",SAFE_STOP,,18,8.849,0.000,1.15,4.75,0.786,8.000,0,1,"cattle",49,""
980,980,5,"Sudden Cattle Crossing",SUCCESS,16.30,31,9.831,1.733,1.54,8.03,0.717,8.000,0,1,"cattle",163,""
981,981,5,"Sudden Cattle Crossing",SUCCESS,16.10,29,10.578,2.221,1.53,6.45,0.736,8.000,0,1,"cattle",161,""
982,982,5,"Sudden Cattle Crossing",SAFE_STOP,,21,6.863,0.000,1.84,4.40,1.543,8.000,0,1,"cattle",51,""
983,983,5,"Sudden Cattle Crossing",SUCCESS,16.20,33,7.242,1.111,1.43,5.82,0.888,8.000,0,1,"cattle",162,""
984,984,5,"Sudden Cattle Crossing",SAFE_STOP,,21,7.997,0.000,1.68,4.71,1.524,8.000,0,1,"cattle",49,""
985,985,5,"Sudden Cattle Crossing",SUCCESS,16.70,32,8.850,2.175,1.49,4.74,0.690,8.000,0,1,"cattle",167,""
986,986,5,"Sudden Cattle Crossing",SUCCESS,16.50,34,12.128,1.619,1.57,7.40,0.698,8.000,0,1,"cattle",165,""
987,987,5,"Sudden Cattle Crossing",SUCCESS,16.00,30,9.847,2.245,1.53,6.87,0.721,8.000,0,1,"cattle",160,""
988,988,5,"Sudden Cattle Crossing",SAFE_STOP,,22,9.175,0.000,1.69,5.27,0.765,8.000,0,1,"cattle",49,""
989,989,5,"Sudden Cattle Crossing",SUCCESS,15.60,33,6.205,1.569,1.39,4.37,0.762,8.000,0,1,"cattle",156,""
990,990,5,"Sudden Cattle Crossing",SUCCESS,18.90,39,10.809,1.615,1.08,3.64,0.747,8.000,0,1,"cattle",189,""
991,991,5,"Sudden Cattle Crossing",SUCCESS,15.90,29,7.413,2.178,1.41,5.35,0.953,8.000,0,1,"cattle",159,""
992,992,5,"Sudden Cattle Crossing",SAFE_STOP,,22,6.702,0.000,1.52,4.12,1.488,8.000,0,1,"cattle",49,""
993,993,5,"Sudden Cattle Crossing",SAFE_STOP,,21,8.137,0.000,1.63,6.38,1.251,8.000,0,1,"cattle",49,""
994,994,5,"Sudden Cattle Crossing",SAFE_STOP,,21,10.087,0.000,1.41,5.14,0.775,8.000,0,1,"cattle",51,""
995,995,5,"Sudden Cattle Crossing",SUCCESS,16.10,30,9.110,1.160,1.21,6.36,0.738,8.000,0,1,"cattle",161,""
996,996,5,"Sudden Cattle Crossing",SUCCESS,15.90,28,8.027,1.789,1.32,5.90,0.955,8.000,0,1,"cattle",159,""
997,997,5,"Sudden Cattle Crossing",SAFE_STOP,,22,10.657,0.000,1.60,7.90,0.796,8.000,0,1,"cattle",52,""
998,998,5,"Sudden Cattle Crossing",SUCCESS,17.60,37,11.392,1.093,1.31,5.79,0.808,8.000,0,1,"cattle",176,""
999,999,5,"Sudden Cattle Crossing",SAFE_STOP,,22,12.380,0.041,0.95,4.80,0.954,8.000,0,1,"cattle",65,""
1000,1000,5,"Sudden Cattle Crossing",SUCCESS,15.80,29,11.850,1.946,1.90,11.40,0.729,8.000,0,1,"cattle",158,""
